emp_id,transaction_num,transaction_date,occupation,occ_step
ID001,start_date,2010-01-02,D,3
ID001,trans1,2019-12-20,E,1
ID001,trans2,NA,NA,NA
ID002,start_date,2010-01-03,C,3
ID002,trans1,2020-03-18,D,1
ID002,trans2,2020-10-16,E,1
ID003,start_date,2010-01-08,A,3
ID003,trans1,2013-02-18,B,1
ID003,trans2,2013-08-15,C,3
ID004,start_date,2010-01-10,B,3
ID004,trans1,2019-01-20,C,2
ID004,trans2,2020-07-25,D,1
ID005,start_date,2010-01-16,A,3
ID005,trans1,2017-01-03,B,3
ID005,trans2,2019-02-08,C,2
ID006,start_date,2010-01-17,A,3
ID006,trans1,2015-09-05,B,3
ID006,trans2,2018-04-13,C,3
ID007,start_date,2010-01-21,C,3
ID007,trans1,2018-01-15,D,3
ID007,trans2,NA,NA,NA
ID008,start_date,2010-01-25,B,2
ID008,trans1,2011-07-12,C,3
ID008,trans2,2016-09-19,D,3
ID009,start_date,2010-01-27,B,3
ID009,trans1,2017-03-08,C,3
ID009,trans2,2019-11-09,D,2
ID010,start_date,2010-01-30,A,3
ID010,trans1,2017-09-15,B,1
ID010,trans2,2018-06-17,C,3
ID011,start_date,2010-02-02,B,3
ID011,trans1,2015-01-14,C,3
ID011,trans2,2019-10-17,D,2
ID012,start_date,2010-02-04,A,3
ID012,trans1,2017-11-11,B,2
ID012,trans2,2019-02-21,C,2
ID013,start_date,2010-02-08,C,3
ID013,trans1,2020-03-11,D,1
ID013,trans2,2020-08-03,E,1
ID014,start_date,2010-02-18,B,3
ID014,trans1,2012-11-18,C,2
ID014,trans2,2014-02-05,D,3
ID015,start_date,2010-02-26,A,3
ID015,trans1,2015-02-14,B,2
ID015,trans2,2016-03-31,C,3
ID016,start_date,2010-02-27,C,3
ID016,trans1,2020-04-02,D,1
ID016,trans2,NA,NA,NA
ID017,start_date,2010-03-03,C,3
ID017,trans1,2020-08-30,D,1
ID017,trans2,NA,NA,NA
ID018,start_date,2010-03-04,A,2
ID018,trans1,2011-06-07,B,2
ID018,trans2,2012-06-25,C,3
ID019,start_date,2010-03-12,B,3
ID019,trans1,2015-04-12,C,2
ID019,trans2,2016-10-13,D,3
ID020,start_date,2010-03-17,B,3
ID020,trans1,2016-03-13,C,3
ID020,trans2,2019-12-13,D,1
ID021,start_date,2010-03-19,C,3
ID021,trans1,2019-11-15,D,1
ID021,trans2,2020-03-06,E,1
ID022,start_date,2010-03-23,C,2
ID022,trans1,2011-09-15,D,3
ID022,trans2,2019-09-05,E,2
ID023,start_date,2010-03-23,A,3
ID023,trans1,2020-10-11,B,1
ID023,trans2,NA,NA,NA
ID024,start_date,2010-04-01,A,3
ID024,trans1,2020-04-30,B,1
ID024,trans2,NA,NA,NA
ID025,start_date,2010-04-04,A,1
ID025,trans1,2011-02-18,B,3
ID025,trans2,2014-02-26,C,3
ID026,start_date,2010-04-05,C,3
ID026,trans1,2015-09-24,D,1
ID026,trans2,2016-05-25,E,3
ID027,start_date,2010-04-08,A,3
ID027,trans1,2014-06-01,B,3
ID027,trans2,2016-11-02,C,3
ID028,start_date,2010-04-10,A,3
ID028,trans1,2019-11-23,B,1
ID028,trans2,2020-05-11,C,1
ID029,start_date,2010-04-13,C,3
ID029,trans1,2015-01-10,D,1
ID029,trans2,2015-04-20,E,3
ID030,start_date,2010-04-13,C,3
ID030,trans1,2019-02-26,D,2
ID030,trans2,2020-11-15,E,1
ID031,start_date,2010-04-15,C,3
ID031,trans1,2018-02-10,D,3
ID031,trans2,2020-08-22,E,1
ID032,start_date,2010-04-20,C,3
ID032,trans1,2018-11-23,D,2
ID032,trans2,2020-11-08,E,1
ID033,start_date,2010-05-10,A,3
ID033,trans1,2014-06-12,B,2
ID033,trans2,2015-07-19,C,3
ID034,start_date,2010-05-12,C,3
ID034,trans1,2017-07-31,D,3
ID034,trans2,NA,NA,NA
ID035,start_date,2010-05-18,B,3
ID035,trans1,NA,NA,NA
ID035,trans2,NA,NA,NA
ID036,start_date,2010-05-21,A,3
ID036,trans1,2019-02-21,B,1
ID036,trans2,2019-10-10,C,2
ID037,start_date,2010-05-28,C,3
ID037,trans1,NA,NA,NA
ID037,trans2,NA,NA,NA
ID038,start_date,2010-05-29,C,3
ID038,trans1,2012-08-02,D,3
ID038,trans2,2020-05-17,E,1
ID039,start_date,2010-06-02,C,3
ID039,trans1,2019-12-02,D,1
ID039,trans2,2020-07-16,E,1
ID040,start_date,2010-06-05,B,3
ID040,trans1,2016-10-30,C,2
ID040,trans2,2018-10-20,D,3
ID041,start_date,2010-06-07,B,3
ID041,trans1,2014-05-28,C,1
ID041,trans2,2014-12-18,D,3
ID042,start_date,2010-06-07,B,3
ID042,trans1,2014-12-29,C,3
ID042,trans2,2020-07-27,D,1
ID043,start_date,2010-06-08,C,1
ID043,trans1,2010-10-29,D,3
ID043,trans2,2014-04-26,E,3
ID044,start_date,2010-06-11,A,3
ID044,trans1,2020-08-14,B,1
ID044,trans2,NA,NA,NA
ID045,start_date,2010-06-12,B,3
ID045,trans1,2014-12-16,C,3
ID045,trans2,2018-08-31,D,3
ID046,start_date,2010-06-12,C,3
ID046,trans1,2020-06-14,D,1
ID046,trans2,2020-10-10,E,1
ID047,start_date,2010-06-14,A,3
ID047,trans1,2019-09-22,B,2
ID047,trans2,NA,NA,NA
ID048,start_date,2010-06-18,C,3
ID048,trans1,2017-02-20,D,3
ID048,trans2,2019-05-09,E,2
ID049,start_date,2010-06-24,A,3
ID049,trans1,2020-08-05,B,1
ID049,trans2,2020-11-06,C,1
ID050,start_date,2010-06-25,B,3
ID050,trans1,2016-12-04,C,3
ID050,trans2,2020-11-22,D,1
ID051,start_date,2010-06-29,C,3
ID051,trans1,2013-12-17,D,3
ID051,trans2,NA,NA,NA
ID052,start_date,2010-06-30,C,3
ID052,trans1,2014-02-06,D,3
ID052,trans2,2019-09-07,E,2
ID053,start_date,2010-07-06,B,3
ID053,trans1,2014-08-25,C,2
ID053,trans2,2015-12-07,D,3
ID054,start_date,2010-07-16,C,3
ID054,trans1,2018-08-31,D,1
ID054,trans2,2018-12-02,E,2
ID055,start_date,2010-07-20,A,1
ID055,trans1,2010-12-14,B,3
ID055,trans2,2017-10-17,C,3
ID056,start_date,2010-07-20,C,3
ID056,trans1,2018-04-19,D,1
ID056,trans2,2019-01-03,E,2
ID057,start_date,2010-07-23,B,3
ID057,trans1,2017-07-23,C,3
ID057,trans2,2020-04-21,D,1
ID058,start_date,2010-08-10,B,2
ID058,trans1,2012-05-15,C,3
ID058,trans2,2017-11-12,D,3
ID059,start_date,2010-08-13,B,3
ID059,trans1,2013-04-19,C,3
ID059,trans2,2017-04-23,D,3
ID060,start_date,2010-08-13,A,3
ID060,trans1,2015-11-27,B,3
ID060,trans2,NA,NA,NA
ID061,start_date,2010-08-16,A,3
ID061,trans1,2017-07-25,B,1
ID061,trans2,2018-07-09,C,3
ID062,start_date,2010-08-24,C,3
ID062,trans1,2020-09-20,D,1
ID062,trans2,NA,NA,NA
ID063,start_date,2010-08-25,B,3
ID063,trans1,2018-06-07,C,3
ID063,trans2,2020-08-23,D,1
ID064,start_date,2010-08-26,B,3
ID064,trans1,2016-06-15,C,1
ID064,trans2,2017-01-13,D,3
ID065,start_date,2010-08-30,B,3
ID065,trans1,2019-05-11,C,2
ID065,trans2,NA,NA,NA
ID066,start_date,2010-09-11,A,2
ID066,trans1,2012-08-17,B,3
ID066,trans2,2015-08-21,C,3
ID067,start_date,2010-09-16,C,3
ID067,trans1,2013-06-21,D,3
ID067,trans2,2018-08-20,E,3
ID068,start_date,2010-09-19,A,3
ID068,trans1,2019-02-23,B,2
ID068,trans2,2020-09-15,C,1
ID069,start_date,2010-09-24,C,3
ID069,trans1,2017-10-11,D,1
ID069,trans2,2018-07-16,E,3
ID070,start_date,2010-09-25,B,3
ID070,trans1,2013-03-06,C,3
ID070,trans2,2016-03-15,D,3
ID071,start_date,2010-09-28,B,1
ID071,trans1,2011-03-06,C,3
ID071,trans2,2017-03-16,D,3
ID072,start_date,2010-09-30,A,2
ID072,trans1,2012-03-04,B,3
ID072,trans2,2017-02-04,C,3
ID073,start_date,2010-10-02,B,3
ID073,trans1,2012-12-12,C,1
ID073,trans2,2013-04-11,D,3
ID074,start_date,2010-10-07,C,3
ID074,trans1,2015-08-16,D,3
ID074,trans2,2018-02-14,E,3
ID075,start_date,2010-10-08,A,2
ID075,trans1,2012-10-07,B,3
ID075,trans2,2020-06-25,C,1
ID076,start_date,2010-10-19,A,3
ID076,trans1,2018-01-23,B,1
ID076,trans2,2018-09-29,C,3
ID077,start_date,2010-10-19,D,3
ID077,trans1,NA,NA,NA
ID077,trans2,NA,NA,NA
ID078,start_date,2010-10-21,A,3
ID078,trans1,2014-08-05,B,3
ID078,trans2,2020-05-08,C,1
ID079,start_date,2010-10-22,A,3
ID079,trans1,2015-12-31,B,3
ID079,trans2,NA,NA,NA
ID080,start_date,2010-10-26,E,3
ID080,trans1,NA,NA,NA
ID080,trans2,NA,NA,NA
ID081,start_date,2010-10-26,C,3
ID081,trans1,2016-09-05,D,1
ID081,trans2,2017-02-07,E,3
ID082,start_date,2010-11-07,C,2
ID082,trans1,2012-06-08,D,3
ID082,trans2,2015-11-26,E,3
ID083,start_date,2010-11-13,B,3
ID083,trans1,2014-06-20,C,3
ID083,trans2,2020-09-13,D,1
ID084,start_date,2010-11-14,A,3
ID084,trans1,2017-05-05,B,2
ID084,trans2,2018-08-20,C,3
ID085,start_date,2010-11-21,C,3
ID085,trans1,2018-08-27,D,2
ID085,trans2,2020-04-12,E,1
ID086,start_date,2010-11-27,C,3
ID086,trans1,2016-07-15,D,3
ID086,trans2,2019-08-08,E,2
ID087,start_date,2010-12-01,A,3
ID087,trans1,2013-04-01,B,3
ID087,trans2,NA,NA,NA
ID088,start_date,2010-12-03,A,1
ID088,trans1,2011-10-27,B,3
ID088,trans2,2020-05-28,C,1
ID089,start_date,2010-12-12,B,1
ID089,trans1,2011-10-19,C,3
ID089,trans2,2016-08-26,D,3
ID090,start_date,2010-12-14,A,3
ID090,trans1,2013-12-27,B,3
ID090,trans2,2018-10-19,C,3
ID091,start_date,2010-12-14,A,3
ID091,trans1,2017-08-03,B,3
ID091,trans2,NA,NA,NA
ID092,start_date,2010-12-19,B,3
ID092,trans1,NA,NA,NA
ID092,trans2,NA,NA,NA
ID093,start_date,2010-12-20,C,3
ID093,trans1,2013-01-14,D,1
ID093,trans2,2013-04-18,E,3
ID094,start_date,2010-12-22,B,3
ID094,trans1,2020-03-25,C,1
ID094,trans2,2020-09-30,D,1
ID095,start_date,2010-12-27,A,3
ID095,trans1,2020-02-28,B,1
ID095,trans2,2020-07-19,C,1
ID096,start_date,2011-01-09,C,3
ID096,trans1,2018-04-09,D,1
ID096,trans2,2018-12-20,E,2
ID097,start_date,2011-01-11,A,3
ID097,trans1,2014-04-25,B,3
ID097,trans2,2017-08-21,C,3
ID098,start_date,2011-01-29,C,3
ID098,trans1,2016-02-19,D,3
ID098,trans2,2018-09-02,E,3
ID099,start_date,2011-02-02,B,3
ID099,trans1,2018-05-21,C,3
ID099,trans2,NA,NA,NA
ID100,start_date,2011-02-19,C,3
ID100,trans1,2017-03-06,D,3
ID100,trans2,2020-07-31,E,1
ID101,start_date,2011-02-22,A,3
ID101,trans1,2017-04-02,B,3
ID101,trans2,2019-04-23,C,2
ID102,start_date,2011-02-24,B,3
ID102,trans1,2013-04-07,C,1
ID102,trans2,2013-09-19,D,3
ID103,start_date,2011-03-03,C,3
ID103,trans1,2013-04-10,D,3
ID103,trans2,2018-05-27,E,3
ID104,start_date,2011-03-03,C,3
ID104,trans1,2014-12-14,D,3
ID104,trans2,2018-09-06,E,3
ID105,start_date,2011-03-20,D,3
ID105,trans1,2020-05-04,E,1
ID105,trans2,NA,NA,NA
ID106,start_date,2011-03-30,D,3
ID106,trans1,2020-07-14,E,1
ID106,trans2,NA,NA,NA
ID107,start_date,2011-04-06,C,3
ID107,trans1,2018-05-23,D,2
ID107,trans2,2019-12-31,E,1
ID108,start_date,2011-04-08,A,3
ID108,trans1,2018-04-30,B,3
ID108,trans2,2020-05-29,C,1
ID109,start_date,2011-04-09,A,3
ID109,trans1,2016-06-05,B,2
ID109,trans2,2018-03-06,C,3
ID110,start_date,2011-04-16,B,3
ID110,trans1,NA,NA,NA
ID110,trans2,NA,NA,NA
ID111,start_date,2011-04-18,C,3
ID111,trans1,2017-02-21,D,3
ID111,trans2,2020-06-02,E,1
ID112,start_date,2011-04-19,A,3
ID112,trans1,2019-05-01,B,1
ID112,trans2,2020-04-19,C,1
ID113,start_date,2011-04-19,B,3
ID113,trans1,2018-07-06,C,1
ID113,trans2,2019-05-14,D,2
ID114,start_date,2011-04-23,A,3
ID114,trans1,2015-08-25,B,3
ID114,trans2,2020-07-16,C,1
ID115,start_date,2011-04-25,C,3
ID115,trans1,2016-06-12,D,3
ID115,trans2,2019-10-05,E,2
ID116,start_date,2011-04-26,B,3
ID116,trans1,2016-06-18,C,1
ID116,trans2,2016-09-29,D,3
ID117,start_date,2011-04-26,E,3
ID117,trans1,NA,NA,NA
ID117,trans2,NA,NA,NA
ID118,start_date,2011-04-27,C,3
ID118,trans1,2014-09-22,D,3
ID118,trans2,2019-10-12,E,2
ID119,start_date,2011-05-02,A,3
ID119,trans1,2017-03-09,B,3
ID119,trans2,2020-02-17,C,1
ID120,start_date,2011-05-04,D,3
ID120,trans1,2019-04-06,E,2
ID120,trans2,NA,NA,NA
ID121,start_date,2011-05-04,C,3
ID121,trans1,2014-09-30,D,3
ID121,trans2,2020-04-30,E,1
ID122,start_date,2011-05-04,C,3
ID122,trans1,2015-04-07,D,3
ID122,trans2,2019-04-30,E,2
ID123,start_date,2011-05-05,C,3
ID123,trans1,2016-10-26,D,3
ID123,trans2,2020-07-01,E,1
ID124,start_date,2011-05-06,A,3
ID124,trans1,2016-12-22,B,3
ID124,trans2,2019-01-28,C,2
ID125,start_date,2011-05-12,B,3
ID125,trans1,2018-03-23,C,1
ID125,trans2,2019-02-26,D,2
ID126,start_date,2011-05-18,B,3
ID126,trans1,2015-02-19,C,3
ID126,trans2,2019-12-08,D,1
ID127,start_date,2011-05-26,B,3
ID127,trans1,2020-02-17,C,1
ID127,trans2,2020-09-25,D,1
ID128,start_date,2011-06-01,A,3
ID128,trans1,2020-07-16,B,1
ID128,trans2,NA,NA,NA
ID129,start_date,2011-06-04,B,3
ID129,trans1,2013-08-20,C,3
ID129,trans2,2019-04-16,D,2
ID130,start_date,2011-06-06,A,3
ID130,trans1,2018-04-15,B,3
ID130,trans2,NA,NA,NA
ID131,start_date,2011-06-10,A,3
ID131,trans1,2019-12-26,B,1
ID131,trans2,2020-05-27,C,1
ID132,start_date,2011-06-11,B,3
ID132,trans1,2017-02-23,C,3
ID132,trans2,NA,NA,NA
ID133,start_date,2011-06-13,C,3
ID133,trans1,2017-05-31,D,3
ID133,trans2,2019-12-28,E,1
ID134,start_date,2011-06-14,A,3
ID134,trans1,2020-04-21,B,1
ID134,trans2,2020-09-20,C,1
ID135,start_date,2011-06-23,B,3
ID135,trans1,2019-06-28,C,2
ID135,trans2,NA,NA,NA
ID136,start_date,2011-06-24,C,3
ID136,trans1,2016-12-09,D,2
ID136,trans2,2018-10-20,E,3
ID137,start_date,2011-06-26,C,3
ID137,trans1,2019-03-20,D,2
ID137,trans2,2020-03-20,E,1
ID138,start_date,2011-06-30,A,2
ID138,trans1,2012-07-25,B,3
ID138,trans2,2014-12-06,C,3
ID139,start_date,2011-06-30,B,3
ID139,trans1,2018-09-06,C,3
ID139,trans2,NA,NA,NA
ID140,start_date,2011-07-01,A,3
ID140,trans1,2017-05-11,B,2
ID140,trans2,2018-09-11,C,3
ID141,start_date,2011-07-15,C,2
ID141,trans1,2012-12-04,D,3
ID141,trans2,2017-02-24,E,3
ID142,start_date,2011-07-20,C,1
ID142,trans1,2012-04-19,D,3
ID142,trans2,2014-06-16,E,3
ID143,start_date,2011-07-23,C,3
ID143,trans1,2015-11-22,D,3
ID143,trans2,2020-08-13,E,1
ID144,start_date,2011-07-27,A,3
ID144,trans1,2018-11-02,B,1
ID144,trans2,2019-09-27,C,2
ID145,start_date,2011-08-07,C,3
ID145,trans1,2018-06-02,D,2
ID145,trans2,2020-02-26,E,1
ID146,start_date,2011-08-12,B,3
ID146,trans1,2019-03-14,C,1
ID146,trans2,2019-07-01,D,2
ID147,start_date,2011-08-15,C,2
ID147,trans1,2013-03-14,D,2
ID147,trans2,2015-01-23,E,3
ID148,start_date,2011-08-24,B,3
ID148,trans1,2020-05-20,C,1
ID148,trans2,NA,NA,NA
ID149,start_date,2011-08-24,C,3
ID149,trans1,2014-05-12,D,3
ID149,trans2,2016-07-05,E,3
ID150,start_date,2011-08-28,B,2
ID150,trans1,2013-01-12,C,3
ID150,trans2,2016-04-12,D,3
ID151,start_date,2011-08-30,C,3
ID151,trans1,2018-04-21,D,1
ID151,trans2,2018-08-02,E,3
ID152,start_date,2011-08-30,C,3
ID152,trans1,2014-08-27,D,3
ID152,trans2,2019-12-22,E,1
ID153,start_date,2011-09-07,B,3
ID153,trans1,2018-11-10,C,3
ID153,trans2,NA,NA,NA
ID154,start_date,2011-09-11,B,3
ID154,trans1,2015-04-29,C,3
ID154,trans2,2020-09-22,D,1
ID155,start_date,2011-09-12,B,3
ID155,trans1,2017-12-09,C,3
ID155,trans2,2020-04-26,D,1
ID156,start_date,2011-09-13,B,3
ID156,trans1,2018-11-01,C,2
ID156,trans2,2019-11-13,D,2
ID157,start_date,2011-09-15,A,2
ID157,trans1,2013-06-07,B,3
ID157,trans2,2020-05-28,C,1
ID158,start_date,2011-09-17,C,1
ID158,trans1,2011-12-24,D,3
ID158,trans2,2016-02-25,E,3
ID159,start_date,2011-09-18,B,2
ID159,trans1,2012-12-16,C,3
ID159,trans2,2017-01-05,D,3
ID160,start_date,2011-09-26,A,3
ID160,trans1,2017-12-19,B,3
ID160,trans2,2020-05-27,C,1
ID161,start_date,2011-09-28,A,3
ID161,trans1,2020-04-19,B,1
ID161,trans2,NA,NA,NA
ID162,start_date,2011-09-29,B,3
ID162,trans1,2016-10-12,C,3
ID162,trans2,2018-12-05,D,2
ID163,start_date,2011-10-02,C,3
ID163,trans1,2017-04-03,D,2
ID163,trans2,2018-11-01,E,3
ID164,start_date,2011-10-08,A,2
ID164,trans1,2013-07-26,B,3
ID164,trans2,2015-12-31,C,3
ID165,start_date,2011-10-09,B,3
ID165,trans1,2016-08-27,C,2
ID165,trans2,2018-07-22,D,3
ID166,start_date,2011-10-11,C,2
ID166,trans1,2013-05-31,D,1
ID166,trans2,2013-09-21,E,3
ID167,start_date,2011-10-12,B,3
ID167,trans1,2015-11-25,C,2
ID167,trans2,2017-02-11,D,3
ID168,start_date,2011-10-15,A,3
ID168,trans1,2014-09-04,B,1
ID168,trans2,2015-04-26,C,3
ID169,start_date,2011-10-21,A,2
ID169,trans1,2012-11-10,B,3
ID169,trans2,2015-10-12,C,3
ID170,start_date,2011-10-26,A,2
ID170,trans1,2013-07-04,B,3
ID170,trans2,2018-05-14,C,3
ID171,start_date,2011-10-26,B,3
ID171,trans1,2018-06-11,C,2
ID171,trans2,2019-06-27,D,2
ID172,start_date,2011-10-30,C,3
ID172,trans1,2015-07-25,D,1
ID172,trans2,2015-12-13,E,3
ID173,start_date,2011-11-01,A,3
ID173,trans1,2015-08-03,B,3
ID173,trans2,2019-03-27,C,2
ID174,start_date,2011-11-02,C,3
ID174,trans1,2016-03-09,D,3
ID174,trans2,2020-03-15,E,1
ID175,start_date,2011-11-09,A,3
ID175,trans1,2015-09-21,B,3
ID175,trans2,2020-03-17,C,1
ID176,start_date,2011-11-13,A,2
ID176,trans1,2013-02-05,B,1
ID176,trans2,2013-10-17,C,3
ID177,start_date,2011-11-16,D,3
ID177,trans1,2019-04-25,E,2
ID177,trans2,NA,NA,NA
ID178,start_date,2011-11-19,B,3
ID178,trans1,2017-03-22,C,2
ID178,trans2,2018-10-11,D,3
ID179,start_date,2011-11-20,A,3
ID179,trans1,2019-01-16,B,2
ID179,trans2,2020-11-05,C,1
ID180,start_date,2011-11-22,C,3
ID180,trans1,2018-10-25,D,2
ID180,trans2,2019-11-08,E,2
ID181,start_date,2011-11-23,A,3
ID181,trans1,2020-02-28,B,1
ID181,trans2,2020-11-22,C,1
ID182,start_date,2011-12-04,B,3
ID182,trans1,2019-08-31,C,1
ID182,trans2,2020-04-10,D,1
ID183,start_date,2011-12-06,C,3
ID183,trans1,2014-10-09,D,1
ID183,trans2,2015-07-11,E,3
ID184,start_date,2011-12-08,A,3
ID184,trans1,2014-04-05,B,3
ID184,trans2,2017-12-23,C,3
ID185,start_date,2011-12-09,B,3
ID185,trans1,2018-08-03,C,1
ID185,trans2,2019-02-21,D,2
ID186,start_date,2011-12-13,C,3
ID186,trans1,2018-08-20,D,2
ID186,trans2,2020-04-10,E,1
ID187,start_date,2011-12-16,A,3
ID187,trans1,2020-02-29,B,1
ID187,trans2,2020-09-27,C,1
ID188,start_date,2011-12-21,A,3
ID188,trans1,2019-01-19,B,1
ID188,trans2,2019-11-18,C,2
ID189,start_date,2011-12-23,A,2
ID189,trans1,2013-03-01,B,3
ID189,trans2,2016-10-16,C,3
ID190,start_date,2011-12-28,C,3
ID190,trans1,2014-07-21,D,3
ID190,trans2,2017-02-06,E,3
ID191,start_date,2011-12-28,B,2
ID191,trans1,2013-09-21,C,3
ID191,trans2,2020-03-12,D,1
ID192,start_date,2012-01-02,B,3
ID192,trans1,2018-12-23,C,2
ID192,trans2,2020-01-22,D,1
ID193,start_date,2012-01-11,A,2
ID193,trans1,2013-03-03,B,3
ID193,trans2,2018-07-05,C,3
ID194,start_date,2012-01-13,B,2
ID194,trans1,2013-03-06,C,3
ID194,trans2,2015-09-29,D,3
ID195,start_date,2012-01-17,B,1
ID195,trans1,2012-09-07,C,1
ID195,trans2,2013-06-18,D,3
ID196,start_date,2012-01-21,A,1
ID196,trans1,2012-07-11,B,3
ID196,trans2,2020-05-17,C,1
ID197,start_date,2012-01-21,B,3
ID197,trans1,2016-10-03,C,3
ID197,trans2,2019-07-15,D,2
ID198,start_date,2012-01-22,C,1
ID198,trans1,2013-01-19,D,3
ID198,trans2,NA,NA,NA
ID199,start_date,2012-01-23,B,3
ID199,trans1,2018-08-17,C,1
ID199,trans2,2018-11-19,D,3
ID200,start_date,2012-01-24,C,3
ID200,trans1,2018-07-10,D,3
ID200,trans2,2020-07-14,E,1
ID201,start_date,2012-01-25,B,3
ID201,trans1,2019-11-19,C,1
ID201,trans2,2020-05-02,D,1
ID202,start_date,2012-01-26,B,3
ID202,trans1,2016-08-19,C,2
ID202,trans2,2018-05-07,D,3
ID203,start_date,2012-01-27,B,3
ID203,trans1,2019-08-04,C,1
ID203,trans2,2020-02-26,D,1
ID204,start_date,2012-01-30,A,3
ID204,trans1,2015-12-26,B,3
ID204,trans2,2019-03-31,C,2
ID205,start_date,2012-01-30,B,2
ID205,trans1,2013-06-21,C,2
ID205,trans2,2014-10-29,D,3
ID206,start_date,2012-02-04,B,3
ID206,trans1,2015-12-27,C,3
ID206,trans2,2020-02-07,D,1
ID207,start_date,2012-02-06,C,3
ID207,trans1,2020-08-11,D,1
ID207,trans2,2020-11-14,E,1
ID208,start_date,2012-02-10,B,3
ID208,trans1,2016-05-14,C,3
ID208,trans2,2019-12-25,D,1
ID209,start_date,2012-02-28,B,3
ID209,trans1,2014-05-14,C,3
ID209,trans2,2017-08-26,D,3
ID210,start_date,2012-03-06,A,3
ID210,trans1,2014-06-11,B,2
ID210,trans2,2016-02-01,C,3
ID211,start_date,2012-03-09,C,3
ID211,trans1,2016-11-27,D,3
ID211,trans2,2019-07-27,E,2
ID212,start_date,2012-03-13,C,3
ID212,trans1,2017-11-07,D,3
ID212,trans2,2020-09-19,E,1
ID213,start_date,2012-03-19,B,3
ID213,trans1,2015-02-19,C,3
ID213,trans2,2020-10-14,D,1
ID214,start_date,2012-03-23,C,1
ID214,trans1,2012-10-02,D,1
ID214,trans2,2013-03-07,E,3
ID215,start_date,2012-03-26,B,3
ID215,trans1,2016-02-22,C,2
ID215,trans2,2017-12-17,D,3
ID216,start_date,2012-03-30,A,3
ID216,trans1,2019-07-02,B,2
ID216,trans2,2020-08-16,C,1
ID217,start_date,2012-03-31,C,3
ID217,trans1,2017-03-20,D,3
ID217,trans2,2019-03-26,E,2
ID218,start_date,2012-04-02,A,3
ID218,trans1,2015-04-23,B,2
ID218,trans2,2017-01-03,C,3
ID219,start_date,2012-04-05,B,3
ID219,trans1,2016-12-27,C,2
ID219,trans2,2018-07-24,D,3
ID220,start_date,2012-04-07,A,3
ID220,trans1,2019-12-21,B,1
ID220,trans2,NA,NA,NA
ID221,start_date,2012-04-08,A,3
ID221,trans1,2016-06-30,B,3
ID221,trans2,2020-03-25,C,1
ID222,start_date,2012-04-10,C,2
ID222,trans1,2013-10-02,D,3
ID222,trans2,NA,NA,NA
ID223,start_date,2012-04-12,A,3
ID223,trans1,2016-12-16,B,3
ID223,trans2,2019-07-12,C,2
ID224,start_date,2012-04-15,A,3
ID224,trans1,2020-07-25,B,1
ID224,trans2,NA,NA,NA
ID225,start_date,2012-04-22,C,3
ID225,trans1,2015-01-01,D,2
ID225,trans2,2016-11-04,E,3
ID226,start_date,2012-05-08,A,3
ID226,trans1,2019-05-13,B,2
ID226,trans2,2020-11-16,C,1
ID227,start_date,2012-05-09,B,3
ID227,trans1,2014-12-23,C,3
ID227,trans2,2019-11-19,D,2
ID228,start_date,2012-05-13,A,2
ID228,trans1,2013-12-12,B,3
ID228,trans2,2018-03-03,C,3
ID229,start_date,2012-05-17,A,1
ID229,trans1,2012-10-14,B,2
ID229,trans2,2013-11-27,C,3
ID230,start_date,2012-05-19,C,3
ID230,trans1,2014-06-22,D,3
ID230,trans2,2020-01-25,E,1
ID231,start_date,2012-05-24,A,3
ID231,trans1,2015-05-19,B,3
ID231,trans2,2018-07-25,C,3
ID232,start_date,2012-06-17,B,2
ID232,trans1,2013-10-20,C,3
ID232,trans2,2019-06-22,D,2
ID233,start_date,2012-06-18,D,3
ID233,trans1,2015-01-11,E,3
ID233,trans2,NA,NA,NA
ID234,start_date,2012-06-24,E,3
ID234,trans1,NA,NA,NA
ID234,trans2,NA,NA,NA
ID235,start_date,2012-06-25,B,3
ID235,trans1,2020-11-12,C,1
ID235,trans2,NA,NA,NA
ID236,start_date,2012-06-28,A,3
ID236,trans1,2019-04-02,B,2
ID236,trans2,2020-08-13,C,1
ID237,start_date,2012-07-02,B,1
ID237,trans1,2013-03-24,C,3
ID237,trans2,2017-03-30,D,3
ID238,start_date,2012-07-02,C,3
ID238,trans1,2019-10-21,D,1
ID238,trans2,2020-07-02,E,1
ID239,start_date,2012-07-05,B,3
ID239,trans1,2017-02-28,C,2
ID239,trans2,2018-12-26,D,2
ID240,start_date,2012-07-07,A,3
ID240,trans1,2016-01-18,B,3
ID240,trans2,2018-11-13,C,3
ID241,start_date,2012-07-13,B,1
ID241,trans1,2013-02-05,C,1
ID241,trans2,2013-11-18,D,3
ID242,start_date,2012-07-16,C,3
ID242,trans1,2017-03-26,D,3
ID242,trans2,2020-04-25,E,1
ID243,start_date,2012-07-20,A,1
ID243,trans1,2013-02-21,B,3
ID243,trans2,2016-04-06,C,3
ID244,start_date,2012-07-21,B,2
ID244,trans1,2014-04-26,C,3
ID244,trans2,2019-05-27,D,2
ID245,start_date,2012-07-26,A,3
ID245,trans1,2017-02-22,B,3
ID245,trans2,2020-09-17,C,1
ID246,start_date,2012-07-26,B,3
ID246,trans1,2016-07-31,C,2
ID246,trans2,2017-09-22,D,3
ID247,start_date,2012-07-31,C,2
ID247,trans1,2013-11-27,D,3
ID247,trans2,2019-09-14,E,2
ID248,start_date,2012-07-31,A,2
ID248,trans1,2013-10-28,B,3
ID248,trans2,2018-06-12,C,3
ID249,start_date,2012-08-02,A,3
ID249,trans1,2016-09-25,B,3
ID249,trans2,2020-01-22,C,1
ID250,start_date,2012-08-02,B,3
ID250,trans1,2020-05-27,C,1
ID250,trans2,NA,NA,NA
ID251,start_date,2012-08-03,C,3
ID251,trans1,2015-05-14,D,3
ID251,trans2,2019-07-17,E,2
ID252,start_date,2012-08-08,A,2
ID252,trans1,2014-03-02,B,3
ID252,trans2,2019-02-13,C,2
ID253,start_date,2012-08-11,C,3
ID253,trans1,2014-11-05,D,3
ID253,trans2,2019-05-24,E,2
ID254,start_date,2012-08-16,B,3
ID254,trans1,2017-01-05,C,2
ID254,trans2,2018-04-22,D,3
ID255,start_date,2012-09-04,A,3
ID255,trans1,NA,NA,NA
ID255,trans2,NA,NA,NA
ID256,start_date,2012-09-07,C,3
ID256,trans1,2019-03-30,D,2
ID256,trans2,2020-05-10,E,1
ID257,start_date,2012-09-08,C,1
ID257,trans1,2013-08-05,D,1
ID257,trans2,2013-11-24,E,3
ID258,start_date,2012-09-09,C,3
ID258,trans1,2017-02-13,D,3
ID258,trans2,2019-07-20,E,2
ID259,start_date,2012-09-10,C,3
ID259,trans1,2017-05-18,D,2
ID259,trans2,2018-06-07,E,3
ID260,start_date,2012-09-10,B,3
ID260,trans1,2017-10-08,C,2
ID260,trans2,2018-12-31,D,2
ID261,start_date,2012-09-11,A,3
ID261,trans1,2018-07-23,B,3
ID261,trans2,2020-09-19,C,1
ID262,start_date,2012-09-11,C,2
ID262,trans1,2013-09-15,D,3
ID262,trans2,2018-08-04,E,3
ID263,start_date,2012-09-13,A,3
ID263,trans1,2015-04-02,B,3
ID263,trans2,2019-04-21,C,2
ID264,start_date,2012-09-14,B,3
ID264,trans1,2020-06-14,C,1
ID264,trans2,2020-10-08,D,1
ID265,start_date,2012-09-23,C,3
ID265,trans1,2016-10-24,D,1
ID265,trans2,2017-09-29,E,3
ID266,start_date,2012-09-25,B,2
ID266,trans1,2013-11-02,C,3
ID266,trans2,2016-09-21,D,3
ID267,start_date,2012-09-29,C,3
ID267,trans1,2019-10-31,D,1
ID267,trans2,2020-06-09,E,1
ID268,start_date,2012-10-06,A,2
ID268,trans1,2014-06-07,B,3
ID268,trans2,2020-02-12,C,1
ID269,start_date,2012-10-11,B,3
ID269,trans1,2020-04-15,C,1
ID269,trans2,2020-08-25,D,1
ID270,start_date,2012-10-14,C,3
ID270,trans1,2019-12-24,D,1
ID270,trans2,2020-10-27,E,1
ID271,start_date,2012-10-16,C,2
ID271,trans1,2013-11-23,D,3
ID271,trans2,2016-05-09,E,3
ID272,start_date,2012-10-21,C,3
ID272,trans1,2019-02-28,D,1
ID272,trans2,2019-08-08,E,2
ID273,start_date,2012-10-23,C,3
ID273,trans1,2016-06-23,D,3
ID273,trans2,2019-08-20,E,2
ID274,start_date,2012-10-30,A,2
ID274,trans1,2013-12-04,B,2
ID274,trans2,2015-06-13,C,3
ID275,start_date,2012-10-31,B,3
ID275,trans1,2019-12-21,C,1
ID275,trans2,2020-05-19,D,1
ID276,start_date,2012-11-01,B,3
ID276,trans1,2015-07-20,C,3
ID276,trans2,2019-04-10,D,2
ID277,start_date,2012-11-09,C,3
ID277,trans1,2015-06-04,D,3
ID277,trans2,2019-02-09,E,2
ID278,start_date,2012-11-11,A,3
ID278,trans1,2016-02-09,B,1
ID278,trans2,2016-12-21,C,3
ID279,start_date,2012-11-21,B,3
ID279,trans1,2016-09-22,C,3
ID279,trans2,2019-10-11,D,2
ID280,start_date,2012-11-22,A,3
ID280,trans1,2015-11-02,B,2
ID280,trans2,2017-06-27,C,3
ID281,start_date,2012-11-30,C,3
ID281,trans1,2016-08-18,D,2
ID281,trans2,2018-02-18,E,3
ID282,start_date,2012-12-08,B,1
ID282,trans1,2013-05-02,C,3
ID282,trans2,2019-04-20,D,2
ID283,start_date,2012-12-13,C,2
ID283,trans1,2014-06-10,D,3
ID283,trans2,2016-10-17,E,3
ID284,start_date,2012-12-13,C,3
ID284,trans1,2020-10-04,D,1
ID284,trans2,NA,NA,NA
ID285,start_date,2012-12-13,B,3
ID285,trans1,2015-07-24,C,2
ID285,trans2,2016-12-13,D,3
ID286,start_date,2012-12-18,A,2
ID286,trans1,2014-04-27,B,3
ID286,trans2,NA,NA,NA
ID287,start_date,2012-12-20,B,3
ID287,trans1,2016-11-02,C,3
ID287,trans2,2019-07-03,D,2
ID288,start_date,2012-12-24,C,3
ID288,trans1,NA,NA,NA
ID288,trans2,NA,NA,NA
ID289,start_date,2012-12-28,A,3
ID289,trans1,2015-09-04,B,3
ID289,trans2,2018-12-21,C,2
ID290,start_date,2013-01-02,A,3
ID290,trans1,NA,NA,NA
ID290,trans2,NA,NA,NA
ID291,start_date,2013-01-13,A,3
ID291,trans1,2019-11-08,B,1
ID291,trans2,2020-05-27,C,1
ID292,start_date,2013-01-14,C,3
ID292,trans1,2018-10-15,D,3
ID292,trans2,NA,NA,NA
ID293,start_date,2013-01-25,C,3
ID293,trans1,2015-07-15,D,2
ID293,trans2,2016-12-25,E,3
ID294,start_date,2013-01-26,B,3
ID294,trans1,2016-02-04,C,3
ID294,trans2,NA,NA,NA
ID295,start_date,2013-01-30,A,3
ID295,trans1,2015-09-06,B,3
ID295,trans2,2019-05-14,C,2
ID296,start_date,2013-02-02,C,1
ID296,trans1,2013-10-16,D,3
ID296,trans2,2019-06-15,E,2
ID297,start_date,2013-02-07,A,3
ID297,trans1,2019-01-02,B,1
ID297,trans2,2019-04-05,C,2
ID298,start_date,2013-02-09,A,3
ID298,trans1,2017-10-21,B,2
ID298,trans2,2019-08-28,C,2
ID299,start_date,2013-02-11,B,2
ID299,trans1,2014-03-31,C,3
ID299,trans2,2016-08-20,D,3
ID300,start_date,2013-02-14,A,1
ID300,trans1,2013-05-17,B,3
ID300,trans2,2018-06-23,C,3
ID301,start_date,2013-02-16,A,3
ID301,trans1,2016-11-19,B,2
ID301,trans2,2018-05-09,C,3
ID302,start_date,2013-02-24,A,3
ID302,trans1,2016-08-05,B,3
ID302,trans2,2020-01-15,C,1
ID303,start_date,2013-02-24,C,1
ID303,trans1,2013-08-14,D,3
ID303,trans2,2020-10-20,E,1
ID304,start_date,2013-02-25,B,3
ID304,trans1,2015-09-09,C,3
ID304,trans2,2018-03-16,D,3
ID305,start_date,2013-03-05,C,3
ID305,trans1,2019-12-16,D,1
ID305,trans2,NA,NA,NA
ID306,start_date,2013-03-07,D,3
ID306,trans1,2020-05-11,E,1
ID306,trans2,NA,NA,NA
ID307,start_date,2013-03-07,C,3
ID307,trans1,2016-03-16,D,3
ID307,trans2,2020-05-26,E,1
ID308,start_date,2013-03-10,C,2
ID308,trans1,2014-05-31,D,3
ID308,trans2,2019-01-15,E,2
ID309,start_date,2013-03-14,A,3
ID309,trans1,2015-08-30,B,3
ID309,trans2,2020-03-27,C,1
ID310,start_date,2013-03-17,C,3
ID310,trans1,2015-07-27,D,3
ID310,trans2,2020-05-20,E,1
ID311,start_date,2013-03-19,A,1
ID311,trans1,2014-01-16,B,3
ID311,trans2,2017-04-25,C,3
ID312,start_date,2013-03-19,C,3
ID312,trans1,2020-09-26,D,1
ID312,trans2,NA,NA,NA
ID313,start_date,2013-03-22,A,3
ID313,trans1,2017-01-13,B,3
ID313,trans2,2019-10-25,C,2
ID314,start_date,2013-03-30,A,1
ID314,trans1,2013-12-15,B,2
ID314,trans2,2015-11-04,C,3
ID315,start_date,2013-03-30,B,2
ID315,trans1,2014-11-12,C,2
ID315,trans2,2016-10-31,D,3
ID316,start_date,2013-04-06,B,3
ID316,trans1,2020-05-13,C,1
ID316,trans2,NA,NA,NA
ID317,start_date,2013-04-12,A,3
ID317,trans1,2015-07-17,B,2
ID317,trans2,2017-04-24,C,3
ID318,start_date,2013-04-22,A,3
ID318,trans1,2018-04-07,B,1
ID318,trans2,2018-07-11,C,3
ID319,start_date,2013-04-26,B,3
ID319,trans1,2020-02-23,C,1
ID319,trans2,2020-07-31,D,1
ID320,start_date,2013-04-30,D,3
ID320,trans1,2020-10-29,E,1
ID320,trans2,NA,NA,NA
ID321,start_date,2013-05-01,A,3
ID321,trans1,2016-08-02,B,3
ID321,trans2,2018-10-25,C,3
ID322,start_date,2013-05-09,A,3
ID322,trans1,2016-04-28,B,2
ID322,trans2,2017-07-30,C,3
ID323,start_date,2013-05-10,A,2
ID323,trans1,2014-06-05,B,3
ID323,trans2,2017-04-21,C,3
ID324,start_date,2013-05-11,B,3
ID324,trans1,2015-06-20,C,3
ID324,trans2,2020-04-30,D,1
ID325,start_date,2013-05-15,B,3
ID325,trans1,2017-08-15,C,3
ID325,trans2,2020-08-21,D,1
ID326,start_date,2013-05-19,A,3
ID326,trans1,2020-05-29,B,1
ID326,trans2,2020-08-30,C,1
ID327,start_date,2013-05-20,B,3
ID327,trans1,2016-01-28,C,3
ID327,trans2,2019-10-08,D,2
ID328,start_date,2013-05-21,B,3
ID328,trans1,2019-09-17,C,1
ID328,trans2,2020-08-14,D,1
ID329,start_date,2013-05-21,C,3
ID329,trans1,2018-10-24,D,2
ID329,trans2,2020-07-23,E,1
ID330,start_date,2013-05-22,A,3
ID330,trans1,2019-01-10,B,2
ID330,trans2,2020-10-14,C,1
ID331,start_date,2013-06-01,D,3
ID331,trans1,2020-04-29,E,1
ID331,trans2,NA,NA,NA
ID332,start_date,2013-06-01,E,3
ID332,trans1,NA,NA,NA
ID332,trans2,NA,NA,NA
ID333,start_date,2013-06-02,C,2
ID333,trans1,2014-08-14,D,2
ID333,trans2,2016-01-01,E,3
ID334,start_date,2013-06-03,C,3
ID334,trans1,2016-05-28,D,3
ID334,trans2,2020-04-06,E,1
ID335,start_date,2013-06-04,C,3
ID335,trans1,2018-06-21,D,3
ID335,trans2,2020-09-20,E,1
ID336,start_date,2013-06-05,B,3
ID336,trans1,2017-01-05,C,3
ID336,trans2,2019-04-12,D,2
ID337,start_date,2013-06-05,B,3
ID337,trans1,2017-05-31,C,3
ID337,trans2,2019-09-16,D,2
ID338,start_date,2013-06-08,B,3
ID338,trans1,2015-10-20,C,1
ID338,trans2,2016-02-19,D,3
ID339,start_date,2013-06-09,C,3
ID339,trans1,2019-07-07,D,1
ID339,trans2,2019-11-07,E,2
ID340,start_date,2013-06-19,C,3
ID340,trans1,2015-08-21,D,3
ID340,trans2,2018-04-25,E,3
ID341,start_date,2013-06-24,B,3
ID341,trans1,2016-07-06,C,3
ID341,trans2,2018-10-08,D,3
ID342,start_date,2013-06-26,C,1
ID342,trans1,2014-02-27,D,3
ID342,trans2,2019-04-21,E,2
ID343,start_date,2013-06-28,A,3
ID343,trans1,2019-05-28,B,1
ID343,trans2,2019-10-21,C,2
ID344,start_date,2013-07-03,C,3
ID344,trans1,2016-02-29,D,3
ID344,trans2,2019-06-02,E,2
ID345,start_date,2013-07-03,A,1
ID345,trans1,2013-10-20,B,3
ID345,trans2,2017-10-04,C,3
ID346,start_date,2013-07-05,B,1
ID346,trans1,2013-10-24,C,3
ID346,trans2,2016-11-12,D,3
ID347,start_date,2013-07-06,C,3
ID347,trans1,2020-07-23,D,1
ID347,trans2,2020-11-06,E,1
ID348,start_date,2013-07-16,C,3
ID348,trans1,2016-04-14,D,1
ID348,trans2,2016-10-19,E,3
ID349,start_date,2013-07-24,A,3
ID349,trans1,2019-06-23,B,1
ID349,trans2,2019-12-04,C,1
ID350,start_date,2013-07-30,A,3
ID350,trans1,2020-03-28,B,1
ID350,trans2,2020-09-22,C,1
ID351,start_date,2013-07-31,B,3
ID351,trans1,2016-10-19,C,3
ID351,trans2,2019-01-15,D,2
ID352,start_date,2013-08-01,C,3
ID352,trans1,2017-10-18,D,1
ID352,trans2,2018-05-09,E,3
ID353,start_date,2013-08-04,A,1
ID353,trans1,2014-02-17,B,3
ID353,trans2,2018-09-28,C,3
ID354,start_date,2013-08-08,B,2
ID354,trans1,2014-10-21,C,1
ID354,trans2,2015-06-12,D,3
ID355,start_date,2013-08-08,C,3
ID355,trans1,2018-12-31,D,1
ID355,trans2,2019-07-19,E,2
ID356,start_date,2013-08-14,B,3
ID356,trans1,2017-01-29,C,3
ID356,trans2,2019-11-04,D,2
ID357,start_date,2013-08-17,C,3
ID357,trans1,2018-08-11,D,3
ID357,trans2,NA,NA,NA
ID358,start_date,2013-08-19,C,3
ID358,trans1,2020-07-17,D,1
ID358,trans2,NA,NA,NA
ID359,start_date,2013-08-25,B,3
ID359,trans1,2017-04-03,C,2
ID359,trans2,2018-10-10,D,3
ID360,start_date,2013-08-28,A,3
ID360,trans1,2017-01-23,B,3
ID360,trans2,2019-05-08,C,2
ID361,start_date,2013-08-29,B,3
ID361,trans1,2017-09-18,C,1
ID361,trans2,2018-05-05,D,3
ID362,start_date,2013-08-30,C,3
ID362,trans1,2018-05-20,D,2
ID362,trans2,2019-08-23,E,2
ID363,start_date,2013-09-02,C,3
ID363,trans1,2015-09-10,D,3
ID363,trans2,2019-12-26,E,1
ID364,start_date,2013-09-10,C,3
ID364,trans1,2020-10-01,D,1
ID364,trans2,NA,NA,NA
ID365,start_date,2013-09-14,B,3
ID365,trans1,2018-05-02,C,2
ID365,trans2,2019-07-16,D,2
ID366,start_date,2013-09-22,A,3
ID366,trans1,2017-11-26,B,3
ID366,trans2,2020-07-16,C,1
ID367,start_date,2013-09-24,C,3
ID367,trans1,2018-02-22,D,2
ID367,trans2,2019-05-06,E,2
ID368,start_date,2013-09-26,B,3
ID368,trans1,2020-05-11,C,1
ID368,trans2,NA,NA,NA
ID369,start_date,2013-09-26,B,3
ID369,trans1,2016-07-12,C,1
ID369,trans2,2016-10-11,D,3
ID370,start_date,2013-10-01,B,3
ID370,trans1,2015-10-22,C,3
ID370,trans2,2020-04-23,D,1
ID371,start_date,2013-10-03,A,1
ID371,trans1,2014-05-28,B,1
ID371,trans2,2015-05-14,C,3
ID372,start_date,2013-10-03,C,3
ID372,trans1,2016-01-21,D,2
ID372,trans2,2017-08-04,E,3
ID373,start_date,2013-10-08,B,3
ID373,trans1,2019-03-05,C,2
ID373,trans2,2020-05-06,D,1
ID374,start_date,2013-10-12,A,1
ID374,trans1,2014-07-10,B,2
ID374,trans2,2016-04-28,C,3
ID375,start_date,2013-10-18,A,3
ID375,trans1,2018-11-03,B,1
ID375,trans2,2019-09-18,C,2
ID376,start_date,2013-10-20,A,3
ID376,trans1,2020-08-28,B,1
ID376,trans2,NA,NA,NA
ID377,start_date,2013-10-21,A,2
ID377,trans1,2015-03-27,B,2
ID377,trans2,2016-08-07,C,3
ID378,start_date,2013-10-21,B,1
ID378,trans1,2014-07-29,C,3
ID378,trans2,2016-11-07,D,3
ID379,start_date,2013-10-22,A,1
ID379,trans1,2014-03-14,B,1
ID379,trans2,2014-08-30,C,3
ID380,start_date,2013-10-27,B,3
ID380,trans1,2019-09-10,C,1
ID380,trans2,2020-02-16,D,1
ID381,start_date,2013-11-01,A,3
ID381,trans1,2017-12-09,B,3
ID381,trans2,2020-11-05,C,1
ID382,start_date,2013-11-02,C,3
ID382,trans1,2017-02-26,D,1
ID382,trans2,2017-11-13,E,3
ID383,start_date,2013-11-06,A,3
ID383,trans1,2016-06-03,B,3
ID383,trans2,2020-04-28,C,1
ID384,start_date,2013-11-14,A,2
ID384,trans1,2015-11-03,B,1
ID384,trans2,2016-05-29,C,3
ID385,start_date,2013-11-25,B,3
ID385,trans1,2018-02-04,C,1
ID385,trans2,2018-08-22,D,3
ID386,start_date,2013-11-28,A,3
ID386,trans1,2019-08-18,B,1
ID386,trans2,2020-07-21,C,1
ID387,start_date,2013-11-28,B,1
ID387,trans1,2014-08-05,C,2
ID387,trans2,2016-04-18,D,3
ID388,start_date,2013-12-03,A,3
ID388,trans1,2020-08-23,B,1
ID388,trans2,NA,NA,NA
ID389,start_date,2013-12-12,C,2
ID389,trans1,2015-02-13,D,3
ID389,trans2,2018-06-26,E,3
ID390,start_date,2013-12-19,C,1
ID390,trans1,2014-07-25,D,1
ID390,trans2,2015-02-05,E,3
ID391,start_date,2013-12-20,A,3
ID391,trans1,2019-12-08,B,1
ID391,trans2,2020-05-22,C,1
ID392,start_date,2013-12-27,A,3
ID392,trans1,2017-08-12,B,2
ID392,trans2,2018-08-14,C,3
ID393,start_date,2014-01-07,A,3
ID393,trans1,2018-07-15,B,3
ID393,trans2,2020-08-21,C,1
ID394,start_date,2014-01-21,A,2
ID394,trans1,2015-08-17,B,2
ID394,trans2,2016-09-27,C,3
ID395,start_date,2014-01-27,B,3
ID395,trans1,2018-12-29,C,1
ID395,trans2,2019-12-26,D,1
ID396,start_date,2014-01-29,B,3
ID396,trans1,2017-06-04,C,3
ID396,trans2,NA,NA,NA
ID397,start_date,2014-02-01,B,3
ID397,trans1,2020-08-29,C,1
ID397,trans2,NA,NA,NA
ID398,start_date,2014-02-07,A,3
ID398,trans1,2020-04-06,B,1
ID398,trans2,NA,NA,NA
ID399,start_date,2014-02-20,B,3
ID399,trans1,2017-11-11,C,3
ID399,trans2,NA,NA,NA
ID400,start_date,2014-02-23,A,1
ID400,trans1,2014-08-28,B,3
ID400,trans2,2018-03-11,C,3
ID401,start_date,2014-03-15,B,3
ID401,trans1,NA,NA,NA
ID401,trans2,NA,NA,NA
ID402,start_date,2014-03-17,A,3
ID402,trans1,2017-08-22,B,3
ID402,trans2,2019-08-24,C,2
ID403,start_date,2014-03-20,D,3
ID403,trans1,2018-06-06,E,3
ID403,trans2,NA,NA,NA
ID404,start_date,2014-03-20,C,3
ID404,trans1,2017-01-05,D,3
ID404,trans2,2019-07-20,E,2
ID405,start_date,2014-03-21,C,3
ID405,trans1,2020-02-03,D,1
ID405,trans2,2020-05-08,E,1
ID406,start_date,2014-03-26,B,1
ID406,trans1,2014-12-14,C,1
ID406,trans2,2015-11-23,D,3
ID407,start_date,2014-03-26,B,3
ID407,trans1,2020-10-06,C,1
ID407,trans2,NA,NA,NA
ID408,start_date,2014-04-12,C,2
ID408,trans1,2016-01-12,D,2
ID408,trans2,2017-11-04,E,3
ID409,start_date,2014-04-15,C,1
ID409,trans1,2014-11-04,D,3
ID409,trans2,2018-12-03,E,2
ID410,start_date,2014-04-17,C,3
ID410,trans1,2016-11-03,D,1
ID410,trans2,2017-06-23,E,3
ID411,start_date,2014-04-20,A,1
ID411,trans1,2015-02-15,B,3
ID411,trans2,2017-06-15,C,3
ID412,start_date,2014-04-27,C,3
ID412,trans1,2018-02-22,D,1
ID412,trans2,2018-11-13,E,3
ID413,start_date,2014-04-28,A,2
ID413,trans1,2015-11-26,B,2
ID413,trans2,2017-08-25,C,3
ID414,start_date,2014-04-30,C,3
ID414,trans1,2019-01-26,D,2
ID414,trans2,NA,NA,NA
ID415,start_date,2014-05-01,C,1
ID415,trans1,2015-04-16,D,2
ID415,trans2,2016-12-07,E,3
ID416,start_date,2014-05-06,A,2
ID416,trans1,2015-05-07,B,1
ID416,trans2,2016-01-30,C,3
ID417,start_date,2014-05-10,B,2
ID417,trans1,2016-01-19,C,3
ID417,trans2,2018-04-09,D,3
ID418,start_date,2014-05-10,C,3
ID418,trans1,2019-06-11,D,2
ID418,trans2,2020-07-06,E,1
ID419,start_date,2014-05-12,B,3
ID419,trans1,2017-02-23,C,3
ID419,trans2,NA,NA,NA
ID420,start_date,2014-05-12,A,1
ID420,trans1,2014-10-02,B,3
ID420,trans2,2017-03-01,C,3
ID421,start_date,2014-05-22,C,1
ID421,trans1,2015-02-19,D,3
ID421,trans2,2019-12-26,E,1
ID422,start_date,2014-05-30,B,3
ID422,trans1,2017-07-17,C,2
ID422,trans2,2018-11-16,D,3
ID423,start_date,2014-06-04,C,3
ID423,trans1,2020-10-05,D,1
ID423,trans2,NA,NA,NA
ID424,start_date,2014-06-13,C,3
ID424,trans1,2019-09-06,D,2
ID424,trans2,2020-11-04,E,1
ID425,start_date,2014-06-13,C,3
ID425,trans1,2017-12-13,D,3
ID425,trans2,2020-03-27,E,1
ID426,start_date,2014-06-19,B,1
ID426,trans1,2014-12-06,C,3
ID426,trans2,2017-10-10,D,3
ID427,start_date,2014-06-22,B,3
ID427,trans1,2017-06-20,C,3
ID427,trans2,2020-11-04,D,1
ID428,start_date,2014-07-01,C,3
ID428,trans1,2016-09-02,D,2
ID428,trans2,2017-12-02,E,3
ID429,start_date,2014-07-02,B,3
ID429,trans1,2018-11-30,C,1
ID429,trans2,2019-04-10,D,2
ID430,start_date,2014-07-04,A,3
ID430,trans1,2017-10-16,B,3
ID430,trans2,2020-03-10,C,1
ID431,start_date,2014-07-05,C,3
ID431,trans1,2017-10-18,D,3
ID431,trans2,2020-06-30,E,1
ID432,start_date,2014-07-06,A,3
ID432,trans1,2017-12-29,B,1
ID432,trans2,2018-11-26,C,2
ID433,start_date,2014-07-12,B,3
ID433,trans1,2017-05-18,C,3
ID433,trans2,2020-08-05,D,1
ID434,start_date,2014-07-19,B,1
ID434,trans1,2015-01-30,C,3
ID434,trans2,2020-05-27,D,1
ID435,start_date,2014-07-23,A,3
ID435,trans1,2020-06-14,B,1
ID435,trans2,2020-10-23,C,1
ID436,start_date,2014-07-29,D,3
ID436,trans1,NA,NA,NA
ID436,trans2,NA,NA,NA
ID437,start_date,2014-08-05,A,3
ID437,trans1,2017-03-15,B,3
ID437,trans2,2019-09-12,C,2
ID438,start_date,2014-08-05,C,2
ID438,trans1,2016-01-09,D,2
ID438,trans2,2017-05-02,E,3
ID439,start_date,2014-08-11,A,1
ID439,trans1,2015-03-28,B,3
ID439,trans2,2020-08-28,C,1
ID440,start_date,2014-08-17,B,3
ID440,trans1,2017-08-27,C,1
ID440,trans2,2018-01-18,D,3
ID441,start_date,2014-08-17,A,3
ID441,trans1,2018-09-14,B,1
ID441,trans2,2019-05-31,C,2
ID442,start_date,2014-08-20,C,3
ID442,trans1,2020-05-27,D,1
ID442,trans2,2020-09-17,E,1
ID443,start_date,2014-08-20,B,3
ID443,trans1,2016-11-26,C,1
ID443,trans2,2017-11-14,D,3
ID444,start_date,2014-08-28,B,3
ID444,trans1,2019-12-29,C,1
ID444,trans2,2020-10-30,D,1
ID445,start_date,2014-08-29,A,2
ID445,trans1,2016-07-14,B,3
ID445,trans2,2019-02-13,C,2
ID446,start_date,2014-09-05,A,3
ID446,trans1,2017-07-29,B,2
ID446,trans2,2018-10-10,C,3
ID447,start_date,2014-09-05,B,1
ID447,trans1,2015-07-26,C,3
ID447,trans2,2018-10-22,D,3
ID448,start_date,2014-09-05,A,3
ID448,trans1,2019-09-13,B,1
ID448,trans2,2020-06-03,C,1
ID449,start_date,2014-09-06,B,3
ID449,trans1,2018-10-26,C,2
ID449,trans2,2020-08-25,D,1
ID450,start_date,2014-09-10,A,1
ID450,trans1,2015-01-28,B,3
ID450,trans2,2018-09-30,C,3
ID451,start_date,2014-09-13,B,3
ID451,trans1,2017-05-15,C,3
ID451,trans2,2020-06-03,D,1
ID452,start_date,2014-09-16,C,3
ID452,trans1,2017-03-01,D,3
ID452,trans2,2020-08-09,E,1
ID453,start_date,2014-09-17,B,3
ID453,trans1,2019-01-08,C,2
ID453,trans2,2020-02-02,D,1
ID454,start_date,2014-09-18,A,3
ID454,trans1,2018-10-16,B,2
ID454,trans2,2020-05-12,C,1
ID455,start_date,2014-09-22,C,3
ID455,trans1,2017-03-28,D,2
ID455,trans2,2018-09-03,E,3
ID456,start_date,2014-09-30,C,2
ID456,trans1,2016-08-19,D,1
ID456,trans2,2017-03-27,E,3
ID457,start_date,2014-10-08,A,2
ID457,trans1,2016-05-01,B,3
ID457,trans2,2020-08-24,C,1
ID458,start_date,2014-10-12,A,3
ID458,trans1,2018-11-23,B,1
ID458,trans2,2019-05-20,C,2
ID459,start_date,2014-10-16,D,3
ID459,trans1,2020-04-01,E,1
ID459,trans2,NA,NA,NA
ID460,start_date,2014-10-19,C,3
ID460,trans1,2019-12-15,D,1
ID460,trans2,NA,NA,NA
ID461,start_date,2014-10-31,C,3
ID461,trans1,2017-03-19,D,1
ID461,trans2,2018-01-31,E,3
ID462,start_date,2014-11-04,C,1
ID462,trans1,2015-04-28,D,3
ID462,trans2,2018-06-04,E,3
ID463,start_date,2014-11-09,B,3
ID463,trans1,2019-11-11,C,1
ID463,trans2,2020-07-19,D,1
ID464,start_date,2014-11-13,B,1
ID464,trans1,2015-04-23,C,3
ID464,trans2,2018-02-03,D,3
ID465,start_date,2014-11-14,B,1
ID465,trans1,2015-07-25,C,1
ID465,trans2,2016-03-06,D,3
ID466,start_date,2014-11-14,C,3
ID466,trans1,2018-09-23,D,2
ID466,trans2,2020-02-15,E,1
ID467,start_date,2014-11-17,B,2
ID467,trans1,2016-10-22,C,3
ID467,trans2,2019-05-16,D,2
ID468,start_date,2014-11-23,B,2
ID468,trans1,2016-01-11,C,2
ID468,trans2,2017-04-09,D,3
ID469,start_date,2014-11-25,A,3
ID469,trans1,2017-04-05,B,1
ID469,trans2,2018-02-12,C,3
ID470,start_date,2014-11-26,C,3
ID470,trans1,2020-01-26,D,1
ID470,trans2,2020-05-12,E,1
ID471,start_date,2014-11-28,A,3
ID471,trans1,2016-12-28,B,2
ID471,trans2,2018-03-11,C,3
ID472,start_date,2014-11-28,C,3
ID472,trans1,NA,NA,NA
ID472,trans2,NA,NA,NA
ID473,start_date,2014-12-02,C,3
ID473,trans1,2020-05-13,D,1
ID473,trans2,NA,NA,NA
ID474,start_date,2014-12-05,B,3
ID474,trans1,2020-08-10,C,1
ID474,trans2,NA,NA,NA
ID475,start_date,2014-12-06,C,3
ID475,trans1,2017-11-10,D,3
ID475,trans2,2020-05-27,E,1
ID476,start_date,2014-12-08,A,3
ID476,trans1,2017-09-12,B,1
ID476,trans2,2018-07-09,C,3
ID477,start_date,2014-12-21,A,3
ID477,trans1,2018-07-04,B,2
ID477,trans2,2019-08-10,C,2
ID478,start_date,2014-12-24,B,3
ID478,trans1,2020-05-04,C,1
ID478,trans2,2020-10-20,D,1
ID479,start_date,2014-12-28,C,2
ID479,trans1,2016-01-05,D,2
ID479,trans2,2017-08-16,E,3
ID480,start_date,2014-12-30,A,3
ID480,trans1,2019-08-20,B,1
ID480,trans2,2020-04-09,C,1
ID481,start_date,2015-01-02,B,2
ID481,trans1,2016-05-17,C,3
ID481,trans2,2019-11-12,D,2
ID482,start_date,2015-01-17,C,3
ID482,trans1,2018-06-03,D,1
ID482,trans2,2018-11-12,E,3
ID483,start_date,2015-01-20,A,3
ID483,trans1,2019-12-19,B,1
ID483,trans2,2020-11-21,C,1
ID484,start_date,2015-01-22,A,1
ID484,trans1,2015-10-31,B,3
ID484,trans2,2020-09-03,C,1
ID485,start_date,2015-01-24,A,3
ID485,trans1,2020-04-15,B,1
ID485,trans2,2020-08-08,C,1
ID486,start_date,2015-01-25,B,3
ID486,trans1,2017-09-09,C,1
ID486,trans2,2018-01-29,D,3
ID487,start_date,2015-01-27,A,3
ID487,trans1,2020-04-12,B,1
ID487,trans2,2020-08-17,C,1
ID488,start_date,2015-02-03,B,2
ID488,trans1,2016-07-14,C,3
ID488,trans2,NA,NA,NA
ID489,start_date,2015-02-06,A,1
ID489,trans1,2015-08-02,B,3
ID489,trans2,2020-08-26,C,1
ID490,start_date,2015-02-14,A,1
ID490,trans1,2015-05-28,B,3
ID490,trans2,NA,NA,NA
ID491,start_date,2015-02-20,D,3
ID491,trans1,2020-10-12,E,1
ID491,trans2,NA,NA,NA
ID492,start_date,2015-02-28,A,3
ID492,trans1,2017-12-08,B,3
ID492,trans2,2020-02-19,C,1
ID493,start_date,2015-03-01,C,3
ID493,trans1,2020-01-04,D,1
ID493,trans2,NA,NA,NA
ID494,start_date,2015-03-02,A,3
ID494,trans1,2017-07-20,B,1
ID494,trans2,2018-07-18,C,3
ID495,start_date,2015-03-04,A,3
ID495,trans1,2017-12-21,B,2
ID495,trans2,2019-04-12,C,2
ID496,start_date,2015-03-09,A,2
ID496,trans1,2016-03-25,B,2
ID496,trans2,2018-01-21,C,3
ID497,start_date,2015-03-10,A,3
ID497,trans1,2019-07-10,B,1
ID497,trans2,2020-06-04,C,1
ID498,start_date,2015-03-15,B,2
ID498,trans1,2016-12-09,C,3
ID498,trans2,2019-05-15,D,2
ID499,start_date,2015-03-15,A,1
ID499,trans1,2016-02-23,B,3
ID499,trans2,2019-08-10,C,2
ID500,start_date,2015-03-18,B,3
ID500,trans1,NA,NA,NA
ID500,trans2,NA,NA,NA
ID501,start_date,2015-03-20,B,1
ID501,trans1,2015-12-28,C,1
ID501,trans2,2016-09-11,D,3
ID502,start_date,2015-03-20,B,2
ID502,trans1,2016-03-22,C,1
ID502,trans2,2016-06-22,D,3
ID503,start_date,2015-03-22,A,3
ID503,trans1,2018-03-03,B,3
ID503,trans2,2020-10-09,C,1
ID504,start_date,2015-04-03,B,3
ID504,trans1,2019-10-31,C,2
ID504,trans2,NA,NA,NA
ID505,start_date,2015-04-09,A,1
ID505,trans1,2015-12-02,B,3
ID505,trans2,2020-07-02,C,1
ID506,start_date,2015-04-13,D,3
ID506,trans1,2020-04-18,E,1
ID506,trans2,NA,NA,NA
ID507,start_date,2015-04-14,B,3
ID507,trans1,2018-07-06,C,2
ID507,trans2,2020-03-05,D,1
ID508,start_date,2015-04-18,C,1
ID508,trans1,2016-02-12,D,3
ID508,trans2,2018-11-02,E,3
ID509,start_date,2015-04-23,D,3
ID509,trans1,2020-05-09,E,1
ID509,trans2,NA,NA,NA
ID510,start_date,2015-04-27,B,2
ID510,trans1,2016-09-23,C,3
ID510,trans2,NA,NA,NA
ID511,start_date,2015-04-28,B,1
ID511,trans1,2016-02-29,C,2
ID511,trans2,2018-02-27,D,3
ID512,start_date,2015-04-29,B,3
ID512,trans1,2019-08-10,C,1
ID512,trans2,2020-05-25,D,1
ID513,start_date,2015-05-02,B,2
ID513,trans1,2016-08-12,C,3
ID513,trans2,NA,NA,NA
ID514,start_date,2015-05-04,C,2
ID514,trans1,2017-01-13,D,3
ID514,trans2,2019-08-07,E,2
ID515,start_date,2015-05-08,C,3
ID515,trans1,2018-03-24,D,1
ID515,trans2,2018-07-15,E,3
ID516,start_date,2015-05-08,A,2
ID516,trans1,2017-03-16,B,3
ID516,trans2,2020-07-14,C,1
ID517,start_date,2015-05-11,C,1
ID517,trans1,2016-03-18,D,1
ID517,trans2,2016-09-07,E,3
ID518,start_date,2015-05-14,C,2
ID518,trans1,2016-11-02,D,3
ID518,trans2,2019-02-18,E,2
ID519,start_date,2015-05-29,A,2
ID519,trans1,2017-05-01,B,1
ID519,trans2,2018-03-24,C,3
ID520,start_date,2015-06-05,A,3
ID520,trans1,2018-08-04,B,2
ID520,trans2,2019-12-06,C,1
ID521,start_date,2015-06-13,C,3
ID521,trans1,2019-11-08,D,1
ID521,trans2,2020-11-05,E,1
ID522,start_date,2015-06-14,B,3
ID522,trans1,2020-07-13,C,1
ID522,trans2,2020-10-18,D,1
ID523,start_date,2015-06-27,A,3
ID523,trans1,2019-12-31,B,1
ID523,trans2,2020-05-12,C,1
ID524,start_date,2015-07-08,C,1
ID524,trans1,2016-03-14,D,3
ID524,trans2,2018-07-06,E,3
ID525,start_date,2015-07-08,B,3
ID525,trans1,2019-01-04,C,2
ID525,trans2,2020-04-11,D,1
ID526,start_date,2015-07-12,A,3
ID526,trans1,2019-03-27,B,1
ID526,trans2,2020-01-05,C,1
ID527,start_date,2015-07-15,A,3
ID527,trans1,NA,NA,NA
ID527,trans2,NA,NA,NA
ID528,start_date,2015-07-21,C,3
ID528,trans1,2020-06-21,D,1
ID528,trans2,NA,NA,NA
ID529,start_date,2015-07-22,C,3
ID529,trans1,2018-02-09,D,3
ID529,trans2,2020-02-27,E,1
ID530,start_date,2015-07-24,B,2
ID530,trans1,2016-12-24,C,3
ID530,trans2,2020-01-01,D,1
ID531,start_date,2015-07-28,B,3
ID531,trans1,2020-02-18,C,1
ID531,trans2,2020-10-02,D,1
ID532,start_date,2015-08-03,A,2
ID532,trans1,2016-10-20,B,2
ID532,trans2,2018-03-02,C,3
ID533,start_date,2015-08-28,A,3
ID533,trans1,2019-10-22,B,1
ID533,trans2,2020-10-11,C,1
ID534,start_date,2015-09-03,A,3
ID534,trans1,2019-01-19,B,1
ID534,trans2,2019-08-15,C,2
ID535,start_date,2015-09-03,C,3
ID535,trans1,2017-11-21,D,3
ID535,trans2,2019-12-28,E,1
ID536,start_date,2015-09-16,B,1
ID536,trans1,2016-03-14,C,1
ID536,trans2,2017-02-09,D,3
ID537,start_date,2015-09-19,B,3
ID537,trans1,NA,NA,NA
ID537,trans2,NA,NA,NA
ID538,start_date,2015-09-20,A,3
ID538,trans1,2018-06-20,B,1
ID538,trans2,2018-11-17,C,3
ID539,start_date,2015-09-21,A,3
ID539,trans1,2018-06-08,B,1
ID539,trans2,2018-11-08,C,3
ID540,start_date,2015-09-25,A,2
ID540,trans1,2016-10-31,B,3
ID540,trans2,2019-05-21,C,2
ID541,start_date,2015-09-28,C,3
ID541,trans1,2019-06-09,D,2
ID541,trans2,2020-07-04,E,1
ID542,start_date,2015-10-02,B,3
ID542,trans1,2020-09-11,C,1
ID542,trans2,NA,NA,NA
ID543,start_date,2015-10-07,A,3
ID543,trans1,2018-06-04,B,2
ID543,trans2,2020-04-28,C,1
ID544,start_date,2015-10-09,B,1
ID544,trans1,2016-08-31,C,1
ID544,trans2,2017-05-15,D,3
ID545,start_date,2015-10-18,C,3
ID545,trans1,2018-08-31,D,1
ID545,trans2,2019-04-16,E,2
ID546,start_date,2015-10-22,C,3
ID546,trans1,2019-09-02,D,1
ID546,trans2,2020-03-11,E,1
ID547,start_date,2015-10-25,B,3
ID547,trans1,2019-03-16,C,2
ID547,trans2,2020-08-14,D,1
ID548,start_date,2015-11-02,B,2
ID548,trans1,2016-12-22,C,1
ID548,trans2,2017-07-27,D,3
ID549,start_date,2015-11-03,C,2
ID549,trans1,2017-08-03,D,3
ID549,trans2,2019-10-16,E,2
ID550,start_date,2015-11-05,B,2
ID550,trans1,2017-06-17,C,3
ID550,trans2,2020-04-09,D,1
ID551,start_date,2015-11-06,C,3
ID551,trans1,2020-06-01,D,1
ID551,trans2,2020-09-27,E,1
ID552,start_date,2015-11-10,C,2
ID552,trans1,2016-11-11,D,2
ID552,trans2,2018-05-18,E,3
ID553,start_date,2015-11-15,A,3
ID553,trans1,2019-04-18,B,2
ID553,trans2,2020-09-16,C,1
ID554,start_date,2015-11-18,A,1
ID554,trans1,2016-07-27,B,3
ID554,trans2,2019-01-15,C,2
ID555,start_date,2015-11-21,C,1
ID555,trans1,2016-06-04,D,3
ID555,trans2,2018-07-11,E,3
ID556,start_date,2015-11-25,B,1
ID556,trans1,2016-05-12,C,3
ID556,trans2,2019-03-31,D,2
ID557,start_date,2015-11-26,A,3
ID557,trans1,2020-06-24,B,1
ID557,trans2,2020-10-15,C,1
ID558,start_date,2015-11-27,A,2
ID558,trans1,2017-04-15,B,1
ID558,trans2,2017-10-24,C,3
ID559,start_date,2015-12-03,A,3
ID559,trans1,2020-04-29,B,1
ID559,trans2,NA,NA,NA
ID560,start_date,2015-12-14,B,3
ID560,trans1,2019-10-10,C,1
ID560,trans2,2020-04-15,D,1
ID561,start_date,2015-12-18,C,3
ID561,trans1,2019-11-20,D,1
ID561,trans2,2020-06-13,E,1
ID562,start_date,2015-12-19,B,2
ID562,trans1,2016-12-23,C,2
ID562,trans2,2018-08-01,D,3
ID563,start_date,2015-12-21,E,3
ID563,trans1,NA,NA,NA
ID563,trans2,NA,NA,NA
ID564,start_date,2015-12-26,C,3
ID564,trans1,NA,NA,NA
ID564,trans2,NA,NA,NA
ID565,start_date,2015-12-31,B,2
ID565,trans1,2017-05-23,C,1
ID565,trans2,2018-01-19,D,3
ID566,start_date,2016-01-02,B,2
ID566,trans1,2017-09-16,C,1
ID566,trans2,2018-01-21,D,3
ID567,start_date,2016-01-03,A,3
ID567,trans1,2019-08-12,B,1
ID567,trans2,2020-07-26,C,1
ID568,start_date,2016-01-13,C,2
ID568,trans1,2017-04-04,D,1
ID568,trans2,2017-09-04,E,3
ID569,start_date,2016-01-15,B,3
ID569,trans1,2018-07-21,C,3
ID569,trans2,2020-11-21,D,1
ID570,start_date,2016-01-20,A,3
ID570,trans1,2019-09-24,B,1
ID570,trans2,2020-08-20,C,1
ID571,start_date,2016-01-23,B,3
ID571,trans1,2019-02-19,C,1
ID571,trans2,2019-11-08,D,2
ID572,start_date,2016-01-27,C,1
ID572,trans1,2017-01-20,D,2
ID572,trans2,2018-02-14,E,3
ID573,start_date,2016-01-27,B,3
ID573,trans1,2020-11-11,C,1
ID573,trans2,NA,NA,NA
ID574,start_date,2016-01-28,E,3
ID574,trans1,NA,NA,NA
ID574,trans2,NA,NA,NA
ID575,start_date,2016-02-04,A,1
ID575,trans1,2017-01-31,B,1
ID575,trans2,2017-07-17,C,3
ID576,start_date,2016-02-05,B,3
ID576,trans1,2019-02-20,C,1
ID576,trans2,2020-02-05,D,1
ID577,start_date,2016-02-08,B,3
ID577,trans1,NA,NA,NA
ID577,trans2,NA,NA,NA
ID578,start_date,2016-02-10,D,3
ID578,trans1,NA,NA,NA
ID578,trans2,NA,NA,NA
ID579,start_date,2016-02-14,B,3
ID579,trans1,2019-01-09,C,1
ID579,trans2,2019-04-20,D,2
ID580,start_date,2016-02-15,B,3
ID580,trans1,2018-11-05,C,2
ID580,trans2,2020-10-31,D,1
ID581,start_date,2016-02-21,B,2
ID581,trans1,2017-04-23,C,1
ID581,trans2,2017-07-23,D,3
ID582,start_date,2016-02-23,D,3
ID582,trans1,2020-07-06,E,1
ID582,trans2,NA,NA,NA
ID583,start_date,2016-02-28,C,3
ID583,trans1,2019-05-06,D,1
ID583,trans2,2019-08-24,E,2
ID584,start_date,2016-03-03,C,3
ID584,trans1,2019-03-22,D,1
ID584,trans2,2020-03-01,E,1
ID585,start_date,2016-03-09,A,1
ID585,trans1,2017-03-02,B,1
ID585,trans2,2017-09-19,C,3
ID586,start_date,2016-03-15,B,3
ID586,trans1,2018-06-17,C,3
ID586,trans2,2020-06-19,D,1
ID587,start_date,2016-03-23,D,3
ID587,trans1,2020-10-31,E,1
ID587,trans2,NA,NA,NA
ID588,start_date,2016-03-30,D,3
ID588,trans1,2020-11-11,E,1
ID588,trans2,NA,NA,NA
ID589,start_date,2016-04-06,A,3
ID589,trans1,2018-05-09,B,1
ID589,trans2,2018-11-01,C,3
ID590,start_date,2016-04-16,C,3
ID590,trans1,2019-08-01,D,1
ID590,trans2,2020-04-06,E,1
ID591,start_date,2016-04-18,B,2
ID591,trans1,2017-10-02,C,2
ID591,trans2,2019-04-23,D,2
ID592,start_date,2016-04-22,B,3
ID592,trans1,2020-02-18,C,1
ID592,trans2,NA,NA,NA
ID593,start_date,2016-04-22,C,2
ID593,trans1,2018-04-19,D,2
ID593,trans2,2020-04-03,E,1
ID594,start_date,2016-04-25,C,3
ID594,trans1,2020-11-16,D,1
ID594,trans2,NA,NA,NA
ID595,start_date,2016-04-28,D,3
ID595,trans1,2020-01-04,E,1
ID595,trans2,NA,NA,NA
ID596,start_date,2016-04-30,C,3
ID596,trans1,2018-07-20,D,1
ID596,trans2,2018-10-25,E,3
ID597,start_date,2016-05-02,A,3
ID597,trans1,2018-10-17,B,2
ID597,trans2,2019-12-03,C,1
ID598,start_date,2016-05-03,B,2
ID598,trans1,2017-11-22,C,2
ID598,trans2,2019-07-13,D,2
ID599,start_date,2016-05-04,B,3
ID599,trans1,NA,NA,NA
ID599,trans2,NA,NA,NA
ID600,start_date,2016-05-04,A,3
ID600,trans1,2018-06-06,B,1
ID600,trans2,2018-10-20,C,3
ID601,start_date,2016-05-05,A,3
ID601,trans1,2018-08-11,B,2
ID601,trans2,2019-11-19,C,2
ID602,start_date,2016-05-09,A,2
ID602,trans1,2017-08-21,B,3
ID602,trans2,2020-02-05,C,1
ID603,start_date,2016-05-10,A,3
ID603,trans1,2019-11-18,B,1
ID603,trans2,2020-07-20,C,1
ID604,start_date,2016-05-20,C,2
ID604,trans1,2017-10-03,D,3
ID604,trans2,2020-02-28,E,1
ID605,start_date,2016-05-24,C,3
ID605,trans1,2018-09-19,D,1
ID605,trans2,2019-01-11,E,2
ID606,start_date,2016-06-01,C,3
ID606,trans1,2018-07-23,D,2
ID606,trans2,2019-12-05,E,1
ID607,start_date,2016-06-01,B,3
ID607,trans1,2019-11-11,C,1
ID607,trans2,2020-08-04,D,1
ID608,start_date,2016-06-03,C,1
ID608,trans1,2017-02-26,D,2
ID608,trans2,2018-09-23,E,3
ID609,start_date,2016-06-03,B,2
ID609,trans1,2018-05-26,C,3
ID609,trans2,2020-11-15,D,1
ID610,start_date,2016-06-09,C,3
ID610,trans1,2018-10-09,D,3
ID610,trans2,NA,NA,NA
ID611,start_date,2016-06-19,B,3
ID611,trans1,2018-07-31,C,2
ID611,trans2,2019-11-08,D,2
ID612,start_date,2016-06-26,C,3
ID612,trans1,2018-10-19,D,1
ID612,trans2,2019-08-05,E,2
ID613,start_date,2016-07-05,A,3
ID613,trans1,2019-07-08,B,1
ID613,trans2,2020-01-19,C,1
ID614,start_date,2016-07-07,A,2
ID614,trans1,2018-01-21,B,1
ID614,trans2,2018-12-24,C,2
ID615,start_date,2016-07-16,C,3
ID615,trans1,2020-03-13,D,1
ID615,trans2,2020-11-22,E,1
ID616,start_date,2016-07-30,C,3
ID616,trans1,2020-07-23,D,1
ID616,trans2,2020-10-23,E,1
ID617,start_date,2016-08-13,C,1
ID617,trans1,2017-01-26,D,3
ID617,trans2,2020-01-20,E,1
ID618,start_date,2016-08-15,C,1
ID618,trans1,2017-07-03,D,3
ID618,trans2,2020-07-28,E,1
ID619,start_date,2016-08-16,B,3
ID619,trans1,2018-09-14,C,2
ID619,trans2,2020-03-01,D,1
ID620,start_date,2016-08-19,A,2
ID620,trans1,2018-01-05,B,2
ID620,trans2,2020-01-03,C,1
ID621,start_date,2016-08-19,A,3
ID621,trans1,2018-08-23,B,3
ID621,trans2,2020-10-10,C,1
ID622,start_date,2016-08-21,B,3
ID622,trans1,2019-02-18,C,2
ID622,trans2,NA,NA,NA
ID623,start_date,2016-08-22,C,1
ID623,trans1,2017-08-05,D,3
ID623,trans2,2020-09-24,E,1
ID624,start_date,2016-08-23,B,3
ID624,trans1,2019-10-07,C,2
ID624,trans2,2020-11-03,D,1
ID625,start_date,2016-08-31,A,1
ID625,trans1,2017-04-20,B,1
ID625,trans2,2017-08-13,C,3
ID626,start_date,2016-09-03,C,3
ID626,trans1,2019-08-15,D,2
ID626,trans2,2020-09-11,E,1
ID627,start_date,2016-09-04,B,2
ID627,trans1,2017-10-16,C,3
ID627,trans2,2020-02-22,D,1
ID628,start_date,2016-09-11,C,2
ID628,trans1,2018-06-27,D,2
ID628,trans2,2019-11-27,E,1
ID629,start_date,2016-09-11,A,3
ID629,trans1,2019-09-23,B,1
ID629,trans2,2020-01-31,C,1
ID630,start_date,2016-09-15,C,2
ID630,trans1,2018-09-11,D,3
ID630,trans2,NA,NA,NA
ID631,start_date,2016-09-15,B,2
ID631,trans1,2018-02-15,C,1
ID631,trans2,2019-01-08,D,2
ID632,start_date,2016-09-19,A,2
ID632,trans1,2017-09-21,B,1
ID632,trans2,2018-04-06,C,3
ID633,start_date,2016-09-23,A,1
ID633,trans1,2017-08-18,B,1
ID633,trans2,2018-05-06,C,3
ID634,start_date,2016-09-25,C,2
ID634,trans1,2017-09-28,D,2
ID634,trans2,2019-03-27,E,2
ID635,start_date,2016-10-08,B,3
ID635,trans1,2019-02-06,C,2
ID635,trans2,NA,NA,NA
ID636,start_date,2016-10-09,A,3
ID636,trans1,2019-09-17,B,1
ID636,trans2,2020-08-18,C,1
ID637,start_date,2016-10-10,A,1
ID637,trans1,2017-03-22,B,3
ID637,trans2,2020-02-17,C,1
ID638,start_date,2016-10-21,A,3
ID638,trans1,2018-12-05,B,2
ID638,trans2,NA,NA,NA
ID639,start_date,2016-10-25,B,3
ID639,trans1,2020-04-17,C,1
ID639,trans2,NA,NA,NA
ID640,start_date,2016-10-26,B,3
ID640,trans1,2019-09-25,C,2
ID640,trans2,2020-11-23,D,1
ID641,start_date,2016-11-09,C,2
ID641,trans1,2018-02-15,D,3
ID641,trans2,2020-08-17,E,1
ID642,start_date,2016-11-11,C,1
ID642,trans1,2017-05-01,D,3
ID642,trans2,NA,NA,NA
ID643,start_date,2016-11-12,B,3
ID643,trans1,2019-03-08,C,2
ID643,trans2,2020-06-03,D,1
ID644,start_date,2016-12-05,B,3
ID644,trans1,2020-03-24,C,1
ID644,trans2,2020-07-01,D,1
ID645,start_date,2016-12-07,D,3
ID645,trans1,2018-12-30,E,2
ID645,trans2,NA,NA,NA
ID646,start_date,2016-12-14,C,3
ID646,trans1,2019-09-09,D,1
ID646,trans2,2020-03-02,E,1
ID647,start_date,2016-12-15,B,2
ID647,trans1,2018-12-04,C,1
ID647,trans2,2019-04-11,D,2
ID648,start_date,2016-12-18,C,2
ID648,trans1,2018-05-11,D,1
ID648,trans2,2019-01-01,E,2
ID649,start_date,2016-12-25,C,3
ID649,trans1,2020-10-04,D,1
ID649,trans2,NA,NA,NA
ID650,start_date,2016-12-26,C,3
ID650,trans1,2020-08-04,D,1
ID650,trans2,NA,NA,NA
ID651,start_date,2016-12-26,A,1
ID651,trans1,2017-10-14,B,1
ID651,trans2,2018-09-20,C,3
ID652,start_date,2016-12-28,C,3
ID652,trans1,2020-09-20,D,1
ID652,trans2,NA,NA,NA
ID653,start_date,2017-01-03,A,3
ID653,trans1,2020-05-28,B,1
ID653,trans2,NA,NA,NA
ID654,start_date,2017-01-05,D,3
ID654,trans1,2019-09-21,E,2
ID654,trans2,NA,NA,NA
ID655,start_date,2017-01-12,A,2
ID655,trans1,2019-01-05,B,2
ID655,trans2,2020-11-23,C,1
ID656,start_date,2017-01-17,B,2
ID656,trans1,2018-11-24,C,2
ID656,trans2,NA,NA,NA
ID657,start_date,2017-01-19,A,1
ID657,trans1,2017-10-29,B,3
ID657,trans2,2020-01-12,C,1
ID658,start_date,2017-01-21,A,1
ID658,trans1,2017-06-11,B,2
ID658,trans2,2019-04-20,C,2
ID659,start_date,2017-01-22,C,2
ID659,trans1,2018-11-15,D,1
ID659,trans2,2019-08-31,E,2
ID660,start_date,2017-01-23,C,2
ID660,trans1,2018-04-05,D,2
ID660,trans2,2019-07-30,E,2
ID661,start_date,2017-01-23,C,3
ID661,trans1,2020-01-09,D,1
ID661,trans2,2020-11-20,E,1
ID662,start_date,2017-01-27,D,3
ID662,trans1,2020-07-08,E,1
ID662,trans2,NA,NA,NA
ID663,start_date,2017-01-27,B,2
ID663,trans1,2018-05-10,C,3
ID663,trans2,2020-11-01,D,1
ID664,start_date,2017-01-28,A,3
ID664,trans1,2020-03-22,B,1
ID664,trans2,2020-09-22,C,1
ID665,start_date,2017-01-30,C,1
ID665,trans1,2017-12-03,D,3
ID665,trans2,2019-12-16,E,1
ID666,start_date,2017-01-31,C,3
ID666,trans1,2020-01-02,D,1
ID666,trans2,2020-06-11,E,1
ID667,start_date,2017-01-31,C,3
ID667,trans1,2019-03-23,D,2
ID667,trans2,NA,NA,NA
ID668,start_date,2017-02-03,A,2
ID668,trans1,2018-09-14,B,2
ID668,trans2,2020-06-01,C,1
ID669,start_date,2017-02-10,A,3
ID669,trans1,2020-04-14,B,1
ID669,trans2,NA,NA,NA
ID670,start_date,2017-02-14,A,2
ID670,trans1,2018-03-17,B,3
ID670,trans2,NA,NA,NA
ID671,start_date,2017-02-21,B,2
ID671,trans1,2018-11-28,C,2
ID671,trans2,2020-02-23,D,1
ID672,start_date,2017-02-21,C,3
ID672,trans1,2020-01-28,D,1
ID672,trans2,NA,NA,NA
ID673,start_date,2017-04-04,A,1
ID673,trans1,2017-07-23,B,1
ID673,trans2,2018-02-27,C,3
ID674,start_date,2017-04-06,A,2
ID674,trans1,2018-09-12,B,2
ID674,trans2,2020-02-05,C,1
ID675,start_date,2017-04-07,A,1
ID675,trans1,2017-08-12,B,1
ID675,trans2,2018-03-02,C,3
ID676,start_date,2017-04-15,A,1
ID676,trans1,2017-10-08,B,2
ID676,trans2,2018-11-25,C,2
ID677,start_date,2017-04-19,C,1
ID677,trans1,2018-02-04,D,1
ID677,trans2,2018-09-18,E,3
ID678,start_date,2017-04-23,A,1
ID678,trans1,2018-04-17,B,3
ID678,trans2,2020-06-12,C,1
ID679,start_date,2017-04-28,A,2
ID679,trans1,2018-05-23,B,3
ID679,trans2,NA,NA,NA
ID680,start_date,2017-04-28,C,2
ID680,trans1,2018-08-30,D,1
ID680,trans2,2019-01-06,E,2
ID681,start_date,2017-05-01,C,2
ID681,trans1,2019-01-31,D,2
ID681,trans2,2020-10-12,E,1
ID682,start_date,2017-05-08,B,3
ID682,trans1,2020-06-19,C,1
ID682,trans2,2020-10-17,D,1
ID683,start_date,2017-05-09,C,3
ID683,trans1,2020-01-03,D,1
ID683,trans2,2020-09-26,E,1
ID684,start_date,2017-05-16,C,3
ID684,trans1,2020-09-26,D,1
ID684,trans2,NA,NA,NA
ID685,start_date,2017-05-30,A,2
ID685,trans1,2018-07-27,B,1
ID685,trans2,2018-11-04,C,3
ID686,start_date,2017-05-31,B,3
ID686,trans1,2020-04-13,C,1
ID686,trans2,NA,NA,NA
ID687,start_date,2017-06-09,A,1
ID687,trans1,2017-11-24,B,2
ID687,trans2,2019-02-26,C,2
ID688,start_date,2017-06-14,A,1
ID688,trans1,2017-11-18,B,2
ID688,trans2,2018-12-26,C,2
ID689,start_date,2017-06-17,C,3
ID689,trans1,2019-12-18,D,1
ID689,trans2,NA,NA,NA
ID690,start_date,2017-06-22,A,2
ID690,trans1,2019-05-09,B,1
ID690,trans2,2020-02-26,C,1
ID691,start_date,2017-06-23,B,3
ID691,trans1,2019-07-23,C,1
ID691,trans2,2020-07-22,D,1
ID692,start_date,2017-06-24,B,1
ID692,trans1,2017-11-24,C,1
ID692,trans2,2018-03-24,D,3
ID693,start_date,2017-06-24,A,3
ID693,trans1,2020-06-22,B,1
ID693,trans2,NA,NA,NA
ID694,start_date,2017-07-01,D,3
ID694,trans1,2020-05-11,E,1
ID694,trans2,NA,NA,NA
ID695,start_date,2017-07-04,A,3
ID695,trans1,NA,NA,NA
ID695,trans2,NA,NA,NA
ID696,start_date,2017-07-07,D,3
ID696,trans1,2019-11-27,E,1
ID696,trans2,NA,NA,NA
ID697,start_date,2017-07-08,B,2
ID697,trans1,2019-04-29,C,2
ID697,trans2,2020-08-23,D,1
ID698,start_date,2017-07-08,C,3
ID698,trans1,2020-09-17,D,1
ID698,trans2,NA,NA,NA
ID699,start_date,2017-07-09,A,3
ID699,trans1,2020-08-07,B,1
ID699,trans2,NA,NA,NA
ID700,start_date,2017-07-12,B,2
ID700,trans1,2019-01-24,C,2
ID700,trans2,2020-06-19,D,1
ID701,start_date,2017-07-13,B,3
ID701,trans1,2020-02-09,C,1
ID701,trans2,NA,NA,NA
ID702,start_date,2017-07-16,A,2
ID702,trans1,2019-03-27,B,1
ID702,trans2,2019-06-27,C,2
ID703,start_date,2017-07-16,A,1
ID703,trans1,2018-03-21,B,1
ID703,trans2,2018-06-26,C,3
ID704,start_date,2017-07-20,A,3
ID704,trans1,2019-12-13,B,1
ID704,trans2,2020-08-15,C,1
ID705,start_date,2017-07-29,A,3
ID705,trans1,2020-02-16,B,1
ID705,trans2,2020-06-23,C,1
ID706,start_date,2017-07-30,B,3
ID706,trans1,2019-12-03,C,1
ID706,trans2,2020-04-23,D,1
ID707,start_date,2017-08-03,A,1
ID707,trans1,2018-03-22,B,2
ID707,trans2,2019-11-14,C,2
ID708,start_date,2017-08-05,B,1
ID708,trans1,2018-07-30,C,1
ID708,trans2,2018-11-19,D,3
ID709,start_date,2017-08-11,A,2
ID709,trans1,2018-09-05,B,3
ID709,trans2,NA,NA,NA
ID710,start_date,2017-08-12,C,2
ID710,trans1,2019-06-29,D,1
ID710,trans2,2020-06-03,E,1
ID711,start_date,2017-08-17,B,3
ID711,trans1,2020-07-06,C,1
ID711,trans2,2020-10-25,D,1
ID712,start_date,2017-08-25,A,3
ID712,trans1,2020-06-30,B,1
ID712,trans2,NA,NA,NA
ID713,start_date,2017-08-26,A,2
ID713,trans1,2018-11-26,B,2
ID713,trans2,2020-06-30,C,1
ID714,start_date,2017-09-01,C,3
ID714,trans1,2020-01-19,D,1
ID714,trans2,2020-09-25,E,1
ID715,start_date,2017-09-04,B,3
ID715,trans1,2020-03-28,C,1
ID715,trans2,2020-10-22,D,1
ID716,start_date,2017-09-06,B,3
ID716,trans1,2020-01-04,C,1
ID716,trans2,2020-05-20,D,1
ID717,start_date,2017-09-10,C,2
ID717,trans1,2018-12-05,D,2
ID717,trans2,NA,NA,NA
ID718,start_date,2017-09-12,B,1
ID718,trans1,2018-08-26,C,2
ID718,trans2,2020-08-19,D,1
ID719,start_date,2017-09-13,E,3
ID719,trans1,NA,NA,NA
ID719,trans2,NA,NA,NA
ID720,start_date,2017-09-18,C,3
ID720,trans1,2019-11-10,D,1
ID720,trans2,2020-03-05,E,1
ID721,start_date,2017-09-21,A,1
ID721,trans1,2018-05-08,B,3
ID721,trans2,2020-06-05,C,1
ID722,start_date,2017-09-22,B,2
ID722,trans1,2019-09-16,C,1
ID722,trans2,2020-05-28,D,1
ID723,start_date,2017-09-26,C,1
ID723,trans1,2018-03-04,D,2
ID723,trans2,2019-12-23,E,1
ID724,start_date,2017-09-29,C,2
ID724,trans1,2018-12-02,D,2
ID724,trans2,2020-03-11,E,1
ID725,start_date,2017-10-01,C,1
ID725,trans1,2018-09-27,D,1
ID725,trans2,2019-03-26,E,2
ID726,start_date,2017-10-08,B,3
ID726,trans1,2020-04-26,C,1
ID726,trans2,2020-09-02,D,1
ID727,start_date,2017-10-09,C,2
ID727,trans1,2018-12-03,D,1
ID727,trans2,2019-11-19,E,2
ID728,start_date,2017-10-29,B,2
ID728,trans1,2019-03-06,C,1
ID728,trans2,2020-03-04,D,1
ID729,start_date,2017-11-06,A,2
ID729,trans1,2019-03-10,B,2
ID729,trans2,2020-07-29,C,1
ID730,start_date,2017-11-08,C,2
ID730,trans1,2019-09-08,D,1
ID730,trans2,2020-04-14,E,1
ID731,start_date,2017-11-10,C,2
ID731,trans1,2019-02-01,D,2
ID731,trans2,NA,NA,NA
ID732,start_date,2017-11-11,D,3
ID732,trans1,2020-10-08,E,1
ID732,trans2,NA,NA,NA
ID733,start_date,2017-11-11,D,3
ID733,trans1,2020-10-22,E,1
ID733,trans2,NA,NA,NA
ID734,start_date,2017-11-14,D,3
ID734,trans1,2020-08-21,E,1
ID734,trans2,NA,NA,NA
ID735,start_date,2017-11-24,A,1
ID735,trans1,2018-02-23,B,3
ID735,trans2,NA,NA,NA
ID736,start_date,2017-12-06,C,2
ID736,trans1,2019-05-06,D,2
ID736,trans2,2020-08-12,E,1
ID737,start_date,2017-12-07,A,2
ID737,trans1,2018-12-09,B,2
ID737,trans2,NA,NA,NA
ID738,start_date,2017-12-08,A,2
ID738,trans1,2019-12-06,B,1
ID738,trans2,2020-03-11,C,1
ID739,start_date,2017-12-13,B,2
ID739,trans1,2019-10-29,C,1
ID739,trans2,2020-09-24,D,1
ID740,start_date,2017-12-19,B,3
ID740,trans1,2020-06-25,C,1
ID740,trans2,2020-11-11,D,1
ID741,start_date,2017-12-20,D,3
ID741,trans1,2020-09-29,E,1
ID741,trans2,NA,NA,NA
ID742,start_date,2017-12-21,C,2
ID742,trans1,2019-08-26,D,1
ID742,trans2,2020-05-06,E,1
ID743,start_date,2017-12-21,B,2
ID743,trans1,2019-07-16,C,2
ID743,trans2,NA,NA,NA
ID744,start_date,2017-12-23,D,3
ID744,trans1,2020-09-22,E,1
ID744,trans2,NA,NA,NA
ID745,start_date,2017-12-25,A,3
ID745,trans1,2020-07-31,B,1
ID745,trans2,NA,NA,NA
ID746,start_date,2017-12-26,A,2
ID746,trans1,2019-03-07,B,1
ID746,trans2,2020-02-26,C,1
ID747,start_date,2017-12-27,B,3
ID747,trans1,NA,NA,NA
ID747,trans2,NA,NA,NA
ID748,start_date,2017-12-29,C,3
ID748,trans1,2020-04-02,D,1
ID748,trans2,2020-07-14,E,1
ID749,start_date,2018-01-31,A,3
ID749,trans1,2020-09-08,B,1
ID749,trans2,NA,NA,NA
ID750,start_date,2018-02-07,C,2
ID750,trans1,2019-02-27,D,1
ID750,trans2,2020-02-05,E,1
ID751,start_date,2018-02-07,A,1
ID751,trans1,2018-10-15,B,1
ID751,trans2,2019-04-29,C,2
ID752,start_date,2018-02-13,A,3
ID752,trans1,NA,NA,NA
ID752,trans2,NA,NA,NA
ID753,start_date,2018-02-17,B,2
ID753,trans1,2019-03-19,C,2
ID753,trans2,2020-06-09,D,1
ID754,start_date,2018-02-17,A,1
ID754,trans1,2018-08-20,B,1
ID754,trans2,2019-02-06,C,2
ID755,start_date,2018-02-19,B,1
ID755,trans1,2018-07-04,C,2
ID755,trans2,2019-11-28,D,1
ID756,start_date,2018-02-24,C,1
ID756,trans1,2018-11-09,D,2
ID756,trans2,2020-09-20,E,1
ID757,start_date,2018-02-25,A,2
ID757,trans1,2019-09-02,B,1
ID757,trans2,2019-12-04,C,1
ID758,start_date,2018-02-28,C,1
ID758,trans1,2018-07-26,D,2
ID758,trans2,2020-07-03,E,1
ID759,start_date,2018-03-01,B,3
ID759,trans1,2020-10-17,C,1
ID759,trans2,NA,NA,NA
ID760,start_date,2018-03-01,B,3
ID760,trans1,2020-09-29,C,1
ID760,trans2,NA,NA,NA
ID761,start_date,2018-03-02,C,3
ID761,trans1,2020-11-15,D,1
ID761,trans2,NA,NA,NA
ID762,start_date,2018-03-08,C,2
ID762,trans1,2020-02-06,D,1
ID762,trans2,NA,NA,NA
ID763,start_date,2018-03-10,A,1
ID763,trans1,2018-07-27,B,1
ID763,trans2,2019-02-03,C,2
ID764,start_date,2018-03-14,C,3
ID764,trans1,NA,NA,NA
ID764,trans2,NA,NA,NA
ID765,start_date,2018-03-18,B,2
ID765,trans1,2020-01-20,C,1
ID765,trans2,NA,NA,NA
ID766,start_date,2018-03-18,B,2
ID766,trans1,2020-01-15,C,1
ID766,trans2,2020-11-14,D,1
ID767,start_date,2018-03-27,D,3
ID767,trans1,2020-09-04,E,1
ID767,trans2,NA,NA,NA
ID768,start_date,2018-03-28,A,2
ID768,trans1,2019-04-29,B,1
ID768,trans2,2019-09-01,C,2
ID769,start_date,2018-04-02,C,2
ID769,trans1,2019-05-15,D,1
ID769,trans2,2019-12-01,E,1
ID770,start_date,2018-04-03,A,2
ID770,trans1,2019-09-04,B,2
ID770,trans2,NA,NA,NA
ID771,start_date,2018-04-04,A,2
ID771,trans1,2019-05-08,B,2
ID771,trans2,2020-09-09,C,1
ID772,start_date,2018-04-05,B,1
ID772,trans1,2018-07-08,C,3
ID772,trans2,2020-11-19,D,1
ID773,start_date,2018-04-05,B,2
ID773,trans1,2019-04-06,C,1
ID773,trans2,2020-03-13,D,1
ID774,start_date,2018-04-11,B,1
ID774,trans1,2018-10-17,C,2
ID774,trans2,2020-01-14,D,1
ID775,start_date,2018-04-16,A,2
ID775,trans1,2020-03-06,B,1
ID775,trans2,2020-09-05,C,1
ID776,start_date,2018-04-19,C,3
ID776,trans1,NA,NA,NA
ID776,trans2,NA,NA,NA
ID777,start_date,2018-04-20,B,3
ID777,trans1,2020-09-07,C,1
ID777,trans2,NA,NA,NA
ID778,start_date,2018-04-21,B,3
ID778,trans1,2020-08-21,C,1
ID778,trans2,NA,NA,NA
ID779,start_date,2018-04-24,C,2
ID779,trans1,2020-04-05,D,1
ID779,trans2,2020-07-30,E,1
ID780,start_date,2018-04-25,D,3
ID780,trans1,2020-10-09,E,1
ID780,trans2,NA,NA,NA
ID781,start_date,2018-04-25,C,2
ID781,trans1,2019-12-06,D,1
ID781,trans2,2020-05-14,E,1
ID782,start_date,2018-04-28,B,2
ID782,trans1,2020-01-05,C,1
ID782,trans2,2020-05-21,D,1
ID783,start_date,2018-05-02,D,1
ID783,trans1,2019-04-24,E,2
ID783,trans2,NA,NA,NA
ID784,start_date,2018-05-04,C,3
ID784,trans1,NA,NA,NA
ID784,trans2,NA,NA,NA
ID785,start_date,2018-05-08,B,2
ID785,trans1,2020-02-10,C,1
ID785,trans2,2020-05-10,D,1
ID786,start_date,2018-05-08,A,1
ID786,trans1,2018-09-04,B,1
ID786,trans2,2019-08-05,C,2
ID787,start_date,2018-05-09,C,1
ID787,trans1,2019-02-04,D,1
ID787,trans2,2019-10-22,E,2
ID788,start_date,2018-05-12,B,2
ID788,trans1,2019-12-18,C,1
ID788,trans2,2020-08-10,D,1
ID789,start_date,2018-05-13,B,1
ID789,trans1,2019-05-09,C,1
ID789,trans2,2020-04-07,D,1
ID790,start_date,2018-05-15,B,3
ID790,trans1,NA,NA,NA
ID790,trans2,NA,NA,NA
ID791,start_date,2018-05-17,D,3
ID791,trans1,2020-07-20,E,1
ID791,trans2,NA,NA,NA
ID792,start_date,2018-05-24,A,1
ID792,trans1,2019-05-11,B,1
ID792,trans2,2020-03-25,C,1
ID793,start_date,2018-05-29,B,2
ID793,trans1,2020-01-29,C,1
ID793,trans2,2020-09-12,D,1
ID794,start_date,2018-05-29,E,3
ID794,trans1,NA,NA,NA
ID794,trans2,NA,NA,NA
ID795,start_date,2018-06-02,C,2
ID795,trans1,2019-11-23,D,1
ID795,trans2,2020-08-19,E,1
ID796,start_date,2018-06-12,C,1
ID796,trans1,2019-02-14,D,1
ID796,trans2,2019-11-23,E,2
ID797,start_date,2018-06-13,A,1
ID797,trans1,2019-06-05,B,2
ID797,trans2,NA,NA,NA
ID798,start_date,2018-06-22,C,1
ID798,trans1,2018-10-29,D,2
ID798,trans2,2020-09-09,E,1
ID799,start_date,2018-06-25,B,2
ID799,trans1,2020-06-21,C,1
ID799,trans2,NA,NA,NA
ID800,start_date,2018-06-26,C,1
ID800,trans1,2018-10-28,D,3
ID800,trans2,2020-11-21,E,1
ID801,start_date,2018-07-06,B,3
ID801,trans1,2020-09-05,C,1
ID801,trans2,NA,NA,NA
ID802,start_date,2018-07-06,A,3
ID802,trans1,2020-08-28,B,1
ID802,trans2,NA,NA,NA
ID803,start_date,2018-07-09,B,1
ID803,trans1,2018-12-23,C,1
ID803,trans2,2019-08-30,D,2
ID804,start_date,2018-07-15,C,2
ID804,trans1,2019-10-17,D,1
ID804,trans2,2020-03-27,E,1
ID805,start_date,2018-08-01,C,2
ID805,trans1,2019-10-16,D,2
ID805,trans2,2020-11-10,E,1
ID806,start_date,2018-08-06,C,1
ID806,trans1,2018-12-19,D,2
ID806,trans2,2020-01-03,E,1
ID807,start_date,2018-08-12,A,2
ID807,trans1,2019-10-19,B,1
ID807,trans2,2020-06-28,C,1
ID808,start_date,2018-08-18,A,1
ID808,trans1,2019-02-20,B,1
ID808,trans2,2019-09-21,C,2
ID809,start_date,2018-08-21,B,1
ID809,trans1,2019-04-10,C,2
ID809,trans2,NA,NA,NA
ID810,start_date,2018-08-22,A,2
ID810,trans1,2019-10-11,B,2
ID810,trans2,2020-11-17,C,1
ID811,start_date,2018-08-25,B,1
ID811,trans1,2019-01-03,C,2
ID811,trans2,2020-04-09,D,1
ID812,start_date,2018-08-26,C,3
ID812,trans1,2020-09-19,D,1
ID812,trans2,NA,NA,NA
ID813,start_date,2018-08-29,A,2
ID813,trans1,2019-10-11,B,1
ID813,trans2,2020-03-09,C,1
ID814,start_date,2018-08-30,B,2
ID814,trans1,2020-01-14,C,1
ID814,trans2,2020-06-29,D,1
ID815,start_date,2018-09-04,C,2
ID815,trans1,2020-04-29,D,1
ID815,trans2,2020-08-23,E,1
ID816,start_date,2018-09-06,A,2
ID816,trans1,2020-01-18,B,1
ID816,trans2,2020-07-05,C,1
ID817,start_date,2018-09-09,D,3
ID817,trans1,2020-09-28,E,1
ID817,trans2,NA,NA,NA
ID818,start_date,2018-09-10,C,3
ID818,trans1,NA,NA,NA
ID818,trans2,NA,NA,NA
ID819,start_date,2018-09-11,C,3
ID819,trans1,NA,NA,NA
ID819,trans2,NA,NA,NA
ID820,start_date,2018-09-13,B,2
ID820,trans1,2019-11-21,C,2
ID820,trans2,NA,NA,NA
ID821,start_date,2018-09-17,B,1
ID821,trans1,2019-03-28,C,2
ID821,trans2,2020-09-22,D,1
ID822,start_date,2018-09-19,C,2
ID822,trans1,2020-02-14,D,1
ID822,trans2,2020-07-29,E,1
ID823,start_date,2018-09-20,C,1
ID823,trans1,2019-07-17,D,2
ID823,trans2,2020-08-28,E,1
ID824,start_date,2018-09-23,D,3
ID824,trans1,NA,NA,NA
ID824,trans2,NA,NA,NA
ID825,start_date,2018-09-27,A,3
ID825,trans1,NA,NA,NA
ID825,trans2,NA,NA,NA
ID826,start_date,2018-09-28,D,3
ID826,trans1,2020-10-25,E,1
ID826,trans2,NA,NA,NA
ID827,start_date,2018-09-30,B,1
ID827,trans1,2019-03-27,C,2
ID827,trans2,NA,NA,NA
ID828,start_date,2018-10-01,E,3
ID828,trans1,NA,NA,NA
ID828,trans2,NA,NA,NA
ID829,start_date,2018-10-10,D,1
ID829,trans1,2019-03-28,E,2
ID829,trans2,NA,NA,NA
ID830,start_date,2018-10-12,C,3
ID830,trans1,NA,NA,NA
ID830,trans2,NA,NA,NA
ID831,start_date,2018-10-16,C,1
ID831,trans1,2019-04-15,D,2
ID831,trans2,2020-08-11,E,1
ID832,start_date,2018-10-18,A,1
ID832,trans1,2019-08-23,B,2
ID832,trans2,NA,NA,NA
ID833,start_date,2018-10-21,B,3
ID833,trans1,NA,NA,NA
ID833,trans2,NA,NA,NA
ID834,start_date,2018-10-23,C,1
ID834,trans1,2019-07-26,D,1
ID834,trans2,2020-03-01,E,1
ID835,start_date,2018-10-26,A,2
ID835,trans1,2020-01-13,B,1
ID835,trans2,NA,NA,NA
ID836,start_date,2018-11-03,A,2
ID836,trans1,2020-02-01,B,1
ID836,trans2,2020-07-21,C,1
ID837,start_date,2018-11-04,B,1
ID837,trans1,2019-05-21,C,2
ID837,trans2,2020-06-01,D,1
ID838,start_date,2018-11-08,C,2
ID838,trans1,2020-03-26,D,1
ID838,trans2,2020-08-20,E,1
ID839,start_date,2018-11-20,D,2
ID839,trans1,2020-10-07,E,1
ID839,trans2,NA,NA,NA
ID840,start_date,2018-11-20,A,3
ID840,trans1,NA,NA,NA
ID840,trans2,NA,NA,NA
ID841,start_date,2018-11-26,C,2
ID841,trans1,2020-06-21,D,1
ID841,trans2,2020-11-16,E,1
ID842,start_date,2018-11-27,C,2
ID842,trans1,2020-07-06,D,1
ID842,trans2,2020-11-13,E,1
ID843,start_date,2018-12-09,D,2
ID843,trans1,NA,NA,NA
ID843,trans2,NA,NA,NA
ID844,start_date,2018-12-14,A,2
ID844,trans1,2020-01-21,B,1
ID844,trans2,NA,NA,NA
ID845,start_date,2018-12-18,C,2
ID845,trans1,2020-01-03,D,1
ID845,trans2,2020-11-14,E,1
ID846,start_date,2018-12-22,B,1
ID846,trans1,2019-03-29,C,2
ID846,trans2,NA,NA,NA
ID847,start_date,2018-12-23,B,1
ID847,trans1,2019-07-05,C,1
ID847,trans2,2020-05-04,D,1
ID848,start_date,2018-12-24,C,1
ID848,trans1,2019-08-27,D,1
ID848,trans2,2020-06-20,E,1
ID849,start_date,2018-12-26,C,2
ID849,trans1,2020-07-15,D,1
ID849,trans2,2020-10-24,E,1
ID850,start_date,2018-12-28,C,1
ID850,trans1,2019-04-26,D,2
ID850,trans2,2020-06-30,E,1
ID851,start_date,2018-12-28,C,1
ID851,trans1,2019-12-26,D,1
ID851,trans2,2020-10-01,E,1
ID852,start_date,2018-12-30,C,2
ID852,trans1,2020-06-13,D,1
ID852,trans2,2020-10-26,E,1
ID853,start_date,2018-12-30,B,1
ID853,trans1,2019-07-18,C,1
ID853,trans2,2020-03-06,D,1
ID854,start_date,2018-12-31,B,1
ID854,trans1,2019-10-30,C,2
ID854,trans2,NA,NA,NA
ID855,start_date,2019-01-08,C,2
ID855,trans1,2020-04-11,D,1
ID855,trans2,2020-11-19,E,1
ID856,start_date,2019-01-11,D,2
ID856,trans1,NA,NA,NA
ID856,trans2,NA,NA,NA
ID857,start_date,2019-01-13,A,2
ID857,trans1,2020-01-29,B,1
ID857,trans2,2020-09-14,C,1
ID858,start_date,2019-01-23,C,2
ID858,trans1,2020-10-09,D,1
ID858,trans2,NA,NA,NA
ID859,start_date,2019-01-30,C,1
ID859,trans1,2019-11-14,D,1
ID859,trans2,2020-10-15,E,1
ID860,start_date,2019-02-02,A,2
ID860,trans1,2020-10-12,B,1
ID860,trans2,NA,NA,NA
ID861,start_date,2019-02-09,C,2
ID861,trans1,2020-11-09,D,1
ID861,trans2,NA,NA,NA
ID862,start_date,2019-02-19,A,2
ID862,trans1,2020-04-29,B,1
ID862,trans2,2020-09-08,C,1
ID863,start_date,2019-02-22,B,1
ID863,trans1,2019-09-01,C,2
ID863,trans2,2020-10-10,D,1
ID864,start_date,2019-03-02,A,1
ID864,trans1,2019-07-12,B,2
ID864,trans2,2020-08-25,C,1
ID865,start_date,2019-03-11,B,1
ID865,trans1,2019-09-26,C,1
ID865,trans2,2020-04-25,D,1
ID866,start_date,2019-03-13,A,2
ID866,trans1,2020-08-25,B,1
ID866,trans2,NA,NA,NA
ID867,start_date,2019-03-23,E,2
ID867,trans1,NA,NA,NA
ID867,trans2,NA,NA,NA
ID868,start_date,2019-03-27,B,1
ID868,trans1,2019-07-16,C,1
ID868,trans2,2019-11-28,D,1
ID869,start_date,2019-03-27,A,1
ID869,trans1,2020-01-15,B,1
ID869,trans2,2020-08-26,C,1
ID870,start_date,2019-04-16,A,1
ID870,trans1,2019-11-01,B,1
ID870,trans2,2020-06-10,C,1
ID871,start_date,2019-04-21,C,2
ID871,trans1,2020-08-06,D,1
ID871,trans2,2020-11-11,E,1
ID872,start_date,2019-05-02,C,2
ID872,trans1,2020-09-10,D,1
ID872,trans2,NA,NA,NA
ID873,start_date,2019-05-10,C,2
ID873,trans1,NA,NA,NA
ID873,trans2,NA,NA,NA
ID874,start_date,2019-05-19,B,2
ID874,trans1,2020-08-18,C,1
ID874,trans2,NA,NA,NA
ID875,start_date,2019-05-20,C,1
ID875,trans1,2019-12-28,D,1
ID875,trans2,2020-07-04,E,1
ID876,start_date,2019-05-23,C,2
ID876,trans1,2020-05-27,D,1
ID876,trans2,2020-10-24,E,1
ID877,start_date,2019-05-25,C,2
ID877,trans1,NA,NA,NA
ID877,trans2,NA,NA,NA
ID878,start_date,2019-05-27,C,1
ID878,trans1,2020-02-11,D,1
ID878,trans2,NA,NA,NA
ID879,start_date,2019-05-28,D,2
ID879,trans1,2020-10-13,E,1
ID879,trans2,NA,NA,NA
ID880,start_date,2019-06-03,D,1
ID880,trans1,2020-04-08,E,1
ID880,trans2,NA,NA,NA
ID881,start_date,2019-06-03,D,2
ID881,trans1,2020-10-07,E,1
ID881,trans2,NA,NA,NA
ID882,start_date,2019-06-04,C,2
ID882,trans1,2020-07-14,D,1
ID882,trans2,NA,NA,NA
ID883,start_date,2019-06-13,A,1
ID883,trans1,2020-05-12,B,1
ID883,trans2,2020-10-16,C,1
ID884,start_date,2019-06-26,A,2
ID884,trans1,2020-08-09,B,1
ID884,trans2,NA,NA,NA
ID885,start_date,2019-06-27,B,2
ID885,trans1,2020-10-15,C,1
ID885,trans2,NA,NA,NA
ID886,start_date,2019-07-09,E,2
ID886,trans1,NA,NA,NA
ID886,trans2,NA,NA,NA
ID887,start_date,2019-07-12,B,1
ID887,trans1,2019-10-16,C,1
ID887,trans2,2020-08-07,D,1
ID888,start_date,2019-07-14,D,2
ID888,trans1,NA,NA,NA
ID888,trans2,NA,NA,NA
ID889,start_date,2019-07-22,C,2
ID889,trans1,2020-08-31,D,1
ID889,trans2,NA,NA,NA
ID890,start_date,2019-07-22,D,2
ID890,trans1,2020-08-20,E,1
ID890,trans2,NA,NA,NA
ID891,start_date,2019-07-25,B,1
ID891,trans1,2019-12-08,C,1
ID891,trans2,2020-09-30,D,1
ID892,start_date,2019-07-27,B,1
ID892,trans1,2020-03-01,C,1
ID892,trans2,2020-09-07,D,1
ID893,start_date,2019-07-30,C,1
ID893,trans1,2020-05-27,D,1
ID893,trans2,2020-10-19,E,1
ID894,start_date,2019-08-02,C,1
ID894,trans1,2020-01-27,D,1
ID894,trans2,NA,NA,NA
ID895,start_date,2019-08-14,C,1
ID895,trans1,2020-02-09,D,1
ID895,trans2,NA,NA,NA
ID896,start_date,2019-08-19,B,2
ID896,trans1,2020-10-14,C,1
ID896,trans2,NA,NA,NA
ID897,start_date,2019-08-21,A,1
ID897,trans1,2020-02-17,B,1
ID897,trans2,2020-05-20,C,1
ID898,start_date,2019-08-31,C,2
ID898,trans1,NA,NA,NA
ID898,trans2,NA,NA,NA
ID899,start_date,2019-09-06,B,1
ID899,trans1,2020-07-16,C,1
ID899,trans2,NA,NA,NA
ID900,start_date,2019-09-15,D,1
ID900,trans1,2020-07-12,E,1
ID900,trans2,NA,NA,NA
ID901,start_date,2019-09-16,C,2
ID901,trans1,NA,NA,NA
ID901,trans2,NA,NA,NA
ID902,start_date,2019-09-16,E,2
ID902,trans1,NA,NA,NA
ID902,trans2,NA,NA,NA
ID903,start_date,2019-09-25,C,1
ID903,trans1,2020-03-13,D,1
ID903,trans2,2020-10-13,E,1
ID904,start_date,2019-09-30,E,2
ID904,trans1,NA,NA,NA
ID904,trans2,NA,NA,NA
ID905,start_date,2019-10-03,C,1
ID905,trans1,2020-05-27,D,1
ID905,trans2,2020-09-15,E,1
ID906,start_date,2019-10-05,D,2
ID906,trans1,2020-10-31,E,1
ID906,trans2,NA,NA,NA
ID907,start_date,2019-10-09,C,1
ID907,trans1,2020-02-27,D,1
ID907,trans2,2020-11-03,E,1
ID908,start_date,2019-10-16,C,1
ID908,trans1,2020-01-23,D,1
ID908,trans2,NA,NA,NA
ID909,start_date,2019-10-16,C,1
ID909,trans1,2020-05-22,D,1
ID909,trans2,2020-09-02,E,1
ID910,start_date,2019-10-18,E,2
ID910,trans1,NA,NA,NA
ID910,trans2,NA,NA,NA
ID911,start_date,2019-10-23,A,1
ID911,trans1,2020-03-20,B,1
ID911,trans2,2020-11-20,C,1
ID912,start_date,2019-10-27,B,1
ID912,trans1,2020-03-04,C,1
ID912,trans2,2020-09-05,D,1
ID913,start_date,2019-10-30,B,2
ID913,trans1,2020-11-02,C,1
ID913,trans2,NA,NA,NA
ID914,start_date,2019-10-31,A,1
ID914,trans1,2020-10-19,B,1
ID914,trans2,NA,NA,NA
ID915,start_date,2019-11-13,C,1
ID915,trans1,2020-08-26,D,1
ID915,trans2,NA,NA,NA
ID916,start_date,2019-11-18,A,1
ID916,trans1,2020-08-25,B,1
ID916,trans2,NA,NA,NA
ID917,start_date,2019-11-23,C,1
ID917,trans1,2020-11-22,D,1
ID917,trans2,NA,NA,NA
ID918,start_date,2019-11-23,A,1
ID918,trans1,2020-06-22,B,1
ID918,trans2,2020-11-08,C,1
ID919,start_date,2019-11-23,A,2
ID919,trans1,NA,NA,NA
ID919,trans2,NA,NA,NA
ID920,start_date,2019-11-25,B,1
ID920,trans1,NA,NA,NA
ID920,trans2,NA,NA,NA
ID921,start_date,2019-11-27,B,1
ID921,trans1,2020-09-09,C,1
ID921,trans2,NA,NA,NA
ID922,start_date,2019-11-28,A,1
ID922,trans1,2020-11-16,B,1
ID922,trans2,NA,NA,NA
ID923,start_date,2019-12-06,D,1
ID923,trans1,2020-11-17,E,1
ID923,trans2,NA,NA,NA
ID924,start_date,2019-12-10,A,1
ID924,trans1,NA,NA,NA
ID924,trans2,NA,NA,NA
ID925,start_date,2019-12-10,A,1
ID925,trans1,2020-07-13,B,1
ID925,trans2,NA,NA,NA
ID926,start_date,2019-12-10,C,1
ID926,trans1,2020-10-05,D,1
ID926,trans2,NA,NA,NA
ID927,start_date,2019-12-17,A,1
ID927,trans1,NA,NA,NA
ID927,trans2,NA,NA,NA
ID928,start_date,2019-12-20,D,1
ID928,trans1,2020-04-22,E,1
ID928,trans2,NA,NA,NA
ID929,start_date,2019-12-24,E,1
ID929,trans1,NA,NA,NA
ID929,trans2,NA,NA,NA
ID930,start_date,2019-12-25,C,1
ID930,trans1,2020-05-23,D,1
ID930,trans2,2020-09-21,E,1
ID931,start_date,2019-12-29,D,1
ID931,trans1,2020-06-06,E,1
ID931,trans2,NA,NA,NA
ID932,start_date,2020-01-04,A,1
ID932,trans1,2020-11-07,B,1
ID932,trans2,NA,NA,NA
ID933,start_date,2020-01-06,B,1
ID933,trans1,2020-10-23,C,1
ID933,trans2,NA,NA,NA
ID934,start_date,2020-01-07,B,1
ID934,trans1,2020-11-04,C,1
ID934,trans2,NA,NA,NA
ID935,start_date,2020-01-10,A,1
ID935,trans1,2020-09-12,B,1
ID935,trans2,NA,NA,NA
ID936,start_date,2020-01-14,B,1
ID936,trans1,NA,NA,NA
ID936,trans2,NA,NA,NA
ID937,start_date,2020-01-14,E,1
ID937,trans1,NA,NA,NA
ID937,trans2,NA,NA,NA
ID938,start_date,2020-01-16,A,1
ID938,trans1,2020-04-29,B,1
ID938,trans2,NA,NA,NA
ID939,start_date,2020-01-30,B,1
ID939,trans1,NA,NA,NA
ID939,trans2,NA,NA,NA
ID940,start_date,2020-02-02,B,1
ID940,trans1,2020-09-23,C,1
ID940,trans2,NA,NA,NA
ID941,start_date,2020-02-10,B,1
ID941,trans1,2020-07-01,C,1
ID941,trans2,NA,NA,NA
ID942,start_date,2020-02-15,A,1
ID942,trans1,2020-07-09,B,1
ID942,trans2,NA,NA,NA
ID943,start_date,2020-02-16,A,1
ID943,trans1,NA,NA,NA
ID943,trans2,NA,NA,NA
ID944,start_date,2020-02-17,C,1
ID944,trans1,2020-05-24,D,1
ID944,trans2,NA,NA,NA
ID945,start_date,2020-02-19,C,1
ID945,trans1,2020-09-16,D,1
ID945,trans2,NA,NA,NA
ID946,start_date,2020-03-02,C,1
ID946,trans1,2020-06-12,D,1
ID946,trans2,2020-10-09,E,1
ID947,start_date,2020-03-08,B,1
ID947,trans1,NA,NA,NA
ID947,trans2,NA,NA,NA
ID948,start_date,2020-03-08,A,1
ID948,trans1,2020-09-11,B,1
ID948,trans2,NA,NA,NA
ID949,start_date,2020-03-19,C,1
ID949,trans1,2020-08-05,D,1
ID949,trans2,NA,NA,NA
ID950,start_date,2020-03-19,E,1
ID950,trans1,NA,NA,NA
ID950,trans2,NA,NA,NA
ID951,start_date,2020-03-20,C,1
ID951,trans1,NA,NA,NA
ID951,trans2,NA,NA,NA
ID952,start_date,2020-03-22,B,1
ID952,trans1,2020-07-02,C,1
ID952,trans2,2020-10-11,D,1
ID953,start_date,2020-03-22,C,1
ID953,trans1,NA,NA,NA
ID953,trans2,NA,NA,NA
ID954,start_date,2020-03-24,C,1
ID954,trans1,2020-09-20,D,1
ID954,trans2,NA,NA,NA
ID955,start_date,2020-03-27,C,1
ID955,trans1,2020-06-29,D,1
ID955,trans2,2020-11-05,E,1
ID956,start_date,2020-03-28,D,1
ID956,trans1,2020-08-24,E,1
ID956,trans2,NA,NA,NA
ID957,start_date,2020-04-18,C,1
ID957,trans1,2020-09-02,D,1
ID957,trans2,NA,NA,NA
ID958,start_date,2020-04-21,C,1
ID958,trans1,2020-10-11,D,1
ID958,trans2,NA,NA,NA
ID959,start_date,2020-04-21,A,1
ID959,trans1,2020-09-09,B,1
ID959,trans2,NA,NA,NA
ID960,start_date,2020-04-24,A,1
ID960,trans1,2020-09-16,B,1
ID960,trans2,NA,NA,NA
ID961,start_date,2020-04-30,E,1
ID961,trans1,NA,NA,NA
ID961,trans2,NA,NA,NA
ID962,start_date,2020-05-07,A,1
ID962,trans1,2020-09-17,B,1
ID962,trans2,NA,NA,NA
ID963,start_date,2020-05-10,E,1
ID963,trans1,NA,NA,NA
ID963,trans2,NA,NA,NA
ID964,start_date,2020-05-24,D,1
ID964,trans1,2020-10-20,E,1
ID964,trans2,NA,NA,NA
ID965,start_date,2020-05-30,D,1
ID965,trans1,NA,NA,NA
ID965,trans2,NA,NA,NA
ID966,start_date,2020-05-31,C,1
ID966,trans1,2020-11-06,D,1
ID966,trans2,NA,NA,NA
ID967,start_date,2020-06-09,D,1
ID967,trans1,NA,NA,NA
ID967,trans2,NA,NA,NA
ID968,start_date,2020-06-15,A,1
ID968,trans1,NA,NA,NA
ID968,trans2,NA,NA,NA
ID969,start_date,2020-06-16,B,1
ID969,trans1,2020-10-18,C,1
ID969,trans2,NA,NA,NA
ID970,start_date,2020-06-21,E,1
ID970,trans1,NA,NA,NA
ID970,trans2,NA,NA,NA
ID971,start_date,2020-06-25,E,1
ID971,trans1,NA,NA,NA
ID971,trans2,NA,NA,NA
ID972,start_date,2020-06-30,E,1
ID972,trans1,NA,NA,NA
ID972,trans2,NA,NA,NA
ID973,start_date,2020-07-07,C,1
ID973,trans1,NA,NA,NA
ID973,trans2,NA,NA,NA
ID974,start_date,2020-07-26,D,1
ID974,trans1,NA,NA,NA
ID974,trans2,NA,NA,NA
ID975,start_date,2020-08-01,C,1
ID975,trans1,NA,NA,NA
ID975,trans2,NA,NA,NA
ID976,start_date,2020-08-04,D,1
ID976,trans1,NA,NA,NA
ID976,trans2,NA,NA,NA
ID977,start_date,2020-08-06,C,1
ID977,trans1,NA,NA,NA
ID977,trans2,NA,NA,NA
ID978,start_date,2020-08-29,B,1
ID978,trans1,NA,NA,NA
ID978,trans2,NA,NA,NA
ID979,start_date,2020-09-04,E,1
ID979,trans1,NA,NA,NA
ID979,trans2,NA,NA,NA
ID980,start_date,2020-09-10,C,1
ID980,trans1,NA,NA,NA
ID980,trans2,NA,NA,NA
ID981,start_date,2020-09-12,E,1
ID981,trans1,NA,NA,NA
ID981,trans2,NA,NA,NA
ID982,start_date,2020-09-15,B,1
ID982,trans1,NA,NA,NA
ID982,trans2,NA,NA,NA
ID983,start_date,2020-09-25,D,1
ID983,trans1,NA,NA,NA
ID983,trans2,NA,NA,NA
ID984,start_date,2020-09-28,E,1
ID984,trans1,NA,NA,NA
ID984,trans2,NA,NA,NA
ID985,start_date,2020-10-04,C,1
ID985,trans1,NA,NA,NA
ID985,trans2,NA,NA,NA
ID986,start_date,2020-10-10,B,1
ID986,trans1,NA,NA,NA
ID986,trans2,NA,NA,NA
ID987,start_date,2020-10-16,A,1
ID987,trans1,NA,NA,NA
ID987,trans2,NA,NA,NA
ID988,start_date,2020-10-18,A,1
ID988,trans1,NA,NA,NA
ID988,trans2,NA,NA,NA
ID989,start_date,2020-10-19,C,1
ID989,trans1,NA,NA,NA
ID989,trans2,NA,NA,NA
ID990,start_date,2020-10-22,E,1
ID990,trans1,NA,NA,NA
ID990,trans2,NA,NA,NA
ID991,start_date,2020-10-28,B,1
ID991,trans1,NA,NA,NA
ID991,trans2,NA,NA,NA
ID992,start_date,2020-11-01,B,1
ID992,trans1,NA,NA,NA
ID992,trans2,NA,NA,NA
ID993,start_date,2020-11-05,E,1
ID993,trans1,NA,NA,NA
ID993,trans2,NA,NA,NA
ID994,start_date,2020-11-05,B,1
ID994,trans1,NA,NA,NA
ID994,trans2,NA,NA,NA
ID995,start_date,2020-11-10,D,1
ID995,trans1,NA,NA,NA
ID995,trans2,NA,NA,NA
ID996,start_date,2020-11-14,B,1
ID996,trans1,NA,NA,NA
ID996,trans2,NA,NA,NA
ID997,start_date,2020-11-18,B,1
ID997,trans1,NA,NA,NA
ID997,trans2,NA,NA,NA
ID998,start_date,2020-11-19,D,1
ID998,trans1,NA,NA,NA
ID998,trans2,NA,NA,NA
ID999,start_date,2020-11-22,C,1
ID999,trans1,NA,NA,NA
ID999,trans2,NA,NA,NA
