emp_id,start_date,equity_woman,equity_visible_minority,equity_aboriginal,equity_disability
ID001,2010-01-02,TRUE,FALSE,FALSE,FALSE
ID002,2010-01-03,TRUE,TRUE,TRUE,FALSE
ID003,2010-01-08,FALSE,FALSE,TRUE,FALSE
ID004,2010-01-10,TRUE,TRUE,FALSE,FALSE
ID005,2010-01-16,TRUE,FALSE,FALSE,TRUE
ID006,2010-01-17,TRUE,FALSE,FALSE,FALSE
ID007,2010-01-21,TRUE,FALSE,FALSE,FALSE
ID008,2010-01-25,FALSE,FALSE,FALSE,FALSE
ID009,2010-01-27,TRUE,FALSE,FALSE,FALSE
ID010,2010-01-30,TRUE,FALSE,FALSE,FALSE
ID011,2010-02-02,FALSE,TRUE,FALSE,FALSE
ID012,2010-02-04,TRUE,FALSE,FALSE,FALSE
ID013,2010-02-08,TRUE,FALSE,FALSE,FALSE
ID014,2010-02-18,FALSE,FALSE,FALSE,FALSE
ID015,2010-02-26,FALSE,FALSE,FALSE,FALSE
ID016,2010-02-27,TRUE,FALSE,FALSE,FALSE
ID017,2010-03-03,TRUE,TRUE,FALSE,FALSE
ID018,2010-03-04,FALSE,FALSE,FALSE,FALSE
ID019,2010-03-12,FALSE,FALSE,FALSE,FALSE
ID020,2010-03-17,TRUE,TRUE,FALSE,FALSE
ID021,2010-03-19,TRUE,FALSE,FALSE,FALSE
ID022,2010-03-23,FALSE,TRUE,TRUE,FALSE
ID023,2010-03-23,TRUE,FALSE,FALSE,FALSE
ID024,2010-04-01,TRUE,FALSE,FALSE,FALSE
ID025,2010-04-04,FALSE,FALSE,FALSE,FALSE
ID026,2010-04-05,TRUE,FALSE,FALSE,TRUE
ID027,2010-04-08,FALSE,FALSE,FALSE,FALSE
ID028,2010-04-10,TRUE,FALSE,FALSE,FALSE
ID029,2010-04-13,FALSE,FALSE,FALSE,FALSE
ID030,2010-04-13,TRUE,TRUE,FALSE,FALSE
ID031,2010-04-15,TRUE,TRUE,FALSE,FALSE
ID032,2010-04-20,TRUE,TRUE,FALSE,FALSE
ID033,2010-05-10,FALSE,FALSE,FALSE,FALSE
ID034,2010-05-12,TRUE,FALSE,FALSE,FALSE
ID035,2010-05-18,FALSE,FALSE,FALSE,FALSE
ID036,2010-05-21,TRUE,FALSE,FALSE,TRUE
ID037,2010-05-28,FALSE,FALSE,FALSE,FALSE
ID038,2010-05-29,FALSE,TRUE,FALSE,FALSE
ID039,2010-06-02,TRUE,FALSE,FALSE,TRUE
ID040,2010-06-05,TRUE,FALSE,FALSE,FALSE
ID041,2010-06-07,FALSE,FALSE,FALSE,FALSE
ID042,2010-06-07,FALSE,TRUE,FALSE,FALSE
ID043,2010-06-08,FALSE,FALSE,TRUE,FALSE
ID044,2010-06-11,TRUE,FALSE,FALSE,FALSE
ID045,2010-06-12,FALSE,FALSE,FALSE,FALSE
ID046,2010-06-12,TRUE,FALSE,FALSE,TRUE
ID047,2010-06-14,TRUE,FALSE,TRUE,FALSE
ID048,2010-06-18,TRUE,FALSE,FALSE,FALSE
ID049,2010-06-24,TRUE,TRUE,TRUE,TRUE
ID050,2010-06-25,TRUE,TRUE,FALSE,FALSE
ID051,2010-06-29,FALSE,FALSE,FALSE,FALSE
ID052,2010-06-30,FALSE,TRUE,FALSE,FALSE
ID053,2010-07-06,FALSE,FALSE,FALSE,FALSE
ID054,2010-07-16,TRUE,FALSE,FALSE,FALSE
ID055,2010-07-20,FALSE,FALSE,FALSE,FALSE
ID056,2010-07-20,TRUE,FALSE,FALSE,FALSE
ID057,2010-07-23,TRUE,TRUE,FALSE,FALSE
ID058,2010-08-10,FALSE,FALSE,FALSE,FALSE
ID059,2010-08-13,FALSE,FALSE,FALSE,FALSE
ID060,2010-08-13,TRUE,FALSE,FALSE,FALSE
ID061,2010-08-16,TRUE,FALSE,FALSE,FALSE
ID062,2010-08-24,TRUE,FALSE,FALSE,FALSE
ID063,2010-08-25,TRUE,TRUE,FALSE,FALSE
ID064,2010-08-26,TRUE,FALSE,FALSE,FALSE
ID065,2010-08-30,TRUE,FALSE,FALSE,TRUE
ID066,2010-09-11,FALSE,FALSE,FALSE,FALSE
ID067,2010-09-16,FALSE,FALSE,FALSE,FALSE
ID068,2010-09-19,TRUE,TRUE,FALSE,FALSE
ID069,2010-09-24,TRUE,FALSE,FALSE,FALSE
ID070,2010-09-25,FALSE,FALSE,FALSE,TRUE
ID071,2010-09-28,FALSE,FALSE,FALSE,FALSE
ID072,2010-09-30,FALSE,FALSE,FALSE,FALSE
ID073,2010-10-02,FALSE,FALSE,FALSE,FALSE
ID074,2010-10-07,FALSE,FALSE,FALSE,FALSE
ID075,2010-10-08,FALSE,TRUE,TRUE,FALSE
ID076,2010-10-19,TRUE,FALSE,FALSE,FALSE
ID077,2010-10-19,FALSE,FALSE,FALSE,FALSE
ID078,2010-10-21,FALSE,TRUE,FALSE,FALSE
ID079,2010-10-22,TRUE,FALSE,FALSE,FALSE
ID080,2010-10-26,FALSE,FALSE,TRUE,FALSE
ID081,2010-10-26,TRUE,FALSE,FALSE,FALSE
ID082,2010-11-07,FALSE,FALSE,FALSE,FALSE
ID083,2010-11-13,FALSE,TRUE,FALSE,FALSE
ID084,2010-11-14,TRUE,FALSE,FALSE,FALSE
ID085,2010-11-21,TRUE,FALSE,FALSE,FALSE
ID086,2010-11-27,TRUE,FALSE,FALSE,FALSE
ID087,2010-12-01,FALSE,FALSE,FALSE,FALSE
ID088,2010-12-03,FALSE,TRUE,FALSE,FALSE
ID089,2010-12-12,FALSE,FALSE,FALSE,FALSE
ID090,2010-12-14,FALSE,FALSE,FALSE,FALSE
ID091,2010-12-14,TRUE,FALSE,FALSE,FALSE
ID092,2010-12-19,FALSE,TRUE,FALSE,FALSE
ID093,2010-12-20,FALSE,FALSE,FALSE,TRUE
ID094,2010-12-22,TRUE,TRUE,FALSE,FALSE
ID095,2010-12-27,TRUE,FALSE,FALSE,TRUE
ID096,2011-01-09,TRUE,FALSE,FALSE,FALSE
ID097,2011-01-11,FALSE,FALSE,FALSE,FALSE
ID098,2011-01-29,TRUE,FALSE,FALSE,FALSE
ID099,2011-02-02,TRUE,FALSE,FALSE,FALSE
ID100,2011-02-19,TRUE,TRUE,FALSE,FALSE
ID101,2011-02-22,TRUE,FALSE,FALSE,FALSE
ID102,2011-02-24,FALSE,FALSE,FALSE,FALSE
ID103,2011-03-03,FALSE,FALSE,FALSE,FALSE
ID104,2011-03-03,FALSE,FALSE,FALSE,FALSE
ID105,2011-03-20,TRUE,FALSE,FALSE,FALSE
ID106,2011-03-30,TRUE,FALSE,FALSE,FALSE
ID107,2011-04-06,TRUE,FALSE,FALSE,FALSE
ID108,2011-04-08,TRUE,TRUE,FALSE,FALSE
ID109,2011-04-09,TRUE,FALSE,FALSE,FALSE
ID110,2011-04-16,FALSE,TRUE,FALSE,FALSE
ID111,2011-04-18,TRUE,TRUE,FALSE,FALSE
ID112,2011-04-19,TRUE,FALSE,FALSE,FALSE
ID113,2011-04-19,TRUE,FALSE,FALSE,FALSE
ID114,2011-04-23,FALSE,TRUE,TRUE,FALSE
ID115,2011-04-25,TRUE,FALSE,FALSE,FALSE
ID116,2011-04-26,TRUE,FALSE,TRUE,FALSE
ID117,2011-04-26,FALSE,FALSE,TRUE,FALSE
ID118,2011-04-27,FALSE,TRUE,FALSE,FALSE
ID119,2011-05-02,TRUE,TRUE,FALSE,TRUE
ID120,2011-05-04,TRUE,FALSE,FALSE,FALSE
ID121,2011-05-04,FALSE,TRUE,TRUE,FALSE
ID122,2011-05-04,FALSE,FALSE,FALSE,FALSE
ID123,2011-05-05,TRUE,TRUE,FALSE,FALSE
ID124,2011-05-06,TRUE,FALSE,FALSE,FALSE
ID125,2011-05-12,TRUE,FALSE,FALSE,FALSE
ID126,2011-05-18,FALSE,TRUE,TRUE,FALSE
ID127,2011-05-26,TRUE,TRUE,FALSE,FALSE
ID128,2011-06-01,TRUE,FALSE,TRUE,FALSE
ID129,2011-06-04,FALSE,TRUE,FALSE,FALSE
ID130,2011-06-06,TRUE,FALSE,FALSE,TRUE
ID131,2011-06-10,TRUE,FALSE,FALSE,FALSE
ID132,2011-06-11,TRUE,FALSE,FALSE,FALSE
ID133,2011-06-13,TRUE,FALSE,FALSE,TRUE
ID134,2011-06-14,TRUE,FALSE,FALSE,TRUE
ID135,2011-06-23,TRUE,FALSE,FALSE,TRUE
ID136,2011-06-24,TRUE,FALSE,FALSE,FALSE
ID137,2011-06-26,TRUE,FALSE,FALSE,FALSE
ID138,2011-06-30,FALSE,FALSE,FALSE,TRUE
ID139,2011-06-30,TRUE,FALSE,FALSE,FALSE
ID140,2011-07-01,TRUE,FALSE,FALSE,FALSE
ID141,2011-07-15,FALSE,FALSE,FALSE,FALSE
ID142,2011-07-20,FALSE,FALSE,FALSE,FALSE
ID143,2011-07-23,FALSE,TRUE,TRUE,FALSE
ID144,2011-07-27,TRUE,FALSE,FALSE,FALSE
ID145,2011-08-07,TRUE,FALSE,FALSE,FALSE
ID146,2011-08-12,TRUE,FALSE,FALSE,FALSE
ID147,2011-08-15,FALSE,FALSE,FALSE,FALSE
ID148,2011-08-24,TRUE,FALSE,FALSE,FALSE
ID149,2011-08-24,FALSE,FALSE,FALSE,FALSE
ID150,2011-08-28,FALSE,FALSE,TRUE,TRUE
ID151,2011-08-30,TRUE,FALSE,FALSE,FALSE
ID152,2011-08-30,FALSE,TRUE,FALSE,FALSE
ID153,2011-09-07,TRUE,FALSE,FALSE,FALSE
ID154,2011-09-11,FALSE,TRUE,FALSE,TRUE
ID155,2011-09-12,TRUE,TRUE,FALSE,FALSE
ID156,2011-09-13,TRUE,FALSE,FALSE,FALSE
ID157,2011-09-15,FALSE,TRUE,FALSE,FALSE
ID158,2011-09-17,FALSE,FALSE,FALSE,FALSE
ID159,2011-09-18,FALSE,FALSE,FALSE,FALSE
ID160,2011-09-26,TRUE,TRUE,FALSE,FALSE
ID161,2011-09-28,TRUE,FALSE,FALSE,FALSE
ID162,2011-09-29,TRUE,FALSE,TRUE,FALSE
ID163,2011-10-02,TRUE,FALSE,FALSE,FALSE
ID164,2011-10-08,FALSE,FALSE,TRUE,FALSE
ID165,2011-10-09,TRUE,FALSE,FALSE,FALSE
ID166,2011-10-11,FALSE,FALSE,FALSE,FALSE
ID167,2011-10-12,FALSE,FALSE,FALSE,FALSE
ID168,2011-10-15,FALSE,FALSE,FALSE,FALSE
ID169,2011-10-21,FALSE,FALSE,FALSE,TRUE
ID170,2011-10-26,FALSE,FALSE,FALSE,TRUE
ID171,2011-10-26,TRUE,FALSE,FALSE,FALSE
ID172,2011-10-30,FALSE,FALSE,FALSE,FALSE
ID173,2011-11-01,FALSE,FALSE,FALSE,FALSE
ID174,2011-11-02,FALSE,TRUE,FALSE,FALSE
ID175,2011-11-09,FALSE,TRUE,FALSE,FALSE
ID176,2011-11-13,FALSE,FALSE,FALSE,FALSE
ID177,2011-11-16,TRUE,FALSE,FALSE,FALSE
ID178,2011-11-19,TRUE,FALSE,FALSE,FALSE
ID179,2011-11-20,TRUE,TRUE,FALSE,FALSE
ID180,2011-11-22,TRUE,FALSE,FALSE,FALSE
ID181,2011-11-23,TRUE,TRUE,FALSE,FALSE
ID182,2011-12-04,TRUE,FALSE,FALSE,FALSE
ID183,2011-12-06,FALSE,FALSE,FALSE,FALSE
ID184,2011-12-08,FALSE,FALSE,FALSE,FALSE
ID185,2011-12-09,TRUE,FALSE,FALSE,TRUE
ID186,2011-12-13,TRUE,FALSE,FALSE,FALSE
ID187,2011-12-16,TRUE,TRUE,FALSE,FALSE
ID188,2011-12-21,TRUE,FALSE,FALSE,FALSE
ID189,2011-12-23,FALSE,FALSE,FALSE,FALSE
ID190,2011-12-28,FALSE,FALSE,FALSE,FALSE
ID191,2011-12-28,FALSE,TRUE,FALSE,FALSE
ID192,2012-01-02,TRUE,FALSE,FALSE,FALSE
ID193,2012-01-11,FALSE,FALSE,FALSE,FALSE
ID194,2012-01-13,FALSE,FALSE,FALSE,FALSE
ID195,2012-01-17,FALSE,FALSE,FALSE,FALSE
ID196,2012-01-21,FALSE,TRUE,TRUE,FALSE
ID197,2012-01-21,TRUE,FALSE,FALSE,FALSE
ID198,2012-01-22,FALSE,FALSE,FALSE,FALSE
ID199,2012-01-23,TRUE,FALSE,FALSE,FALSE
ID200,2012-01-24,TRUE,TRUE,FALSE,TRUE
ID201,2012-01-25,TRUE,FALSE,TRUE,FALSE
ID202,2012-01-26,TRUE,FALSE,FALSE,FALSE
ID203,2012-01-27,TRUE,FALSE,FALSE,TRUE
ID204,2012-01-30,FALSE,FALSE,FALSE,FALSE
ID205,2012-01-30,FALSE,FALSE,FALSE,FALSE
ID206,2012-02-04,FALSE,TRUE,FALSE,TRUE
ID207,2012-02-06,TRUE,TRUE,FALSE,FALSE
ID208,2012-02-10,FALSE,TRUE,FALSE,FALSE
ID209,2012-02-28,FALSE,FALSE,FALSE,FALSE
ID210,2012-03-06,FALSE,FALSE,FALSE,FALSE
ID211,2012-03-09,TRUE,FALSE,FALSE,FALSE
ID212,2012-03-13,TRUE,TRUE,FALSE,FALSE
ID213,2012-03-19,FALSE,TRUE,FALSE,FALSE
ID214,2012-03-23,FALSE,FALSE,FALSE,TRUE
ID215,2012-03-26,FALSE,FALSE,FALSE,FALSE
ID216,2012-03-30,TRUE,TRUE,FALSE,FALSE
ID217,2012-03-31,TRUE,FALSE,FALSE,FALSE
ID218,2012-04-02,FALSE,FALSE,FALSE,FALSE
ID219,2012-04-05,TRUE,FALSE,FALSE,FALSE
ID220,2012-04-07,TRUE,FALSE,FALSE,TRUE
ID221,2012-04-08,FALSE,TRUE,FALSE,TRUE
ID222,2012-04-10,FALSE,FALSE,FALSE,TRUE
ID223,2012-04-12,TRUE,FALSE,FALSE,FALSE
ID224,2012-04-15,TRUE,FALSE,FALSE,FALSE
ID225,2012-04-22,FALSE,FALSE,FALSE,FALSE
ID226,2012-05-08,TRUE,TRUE,FALSE,FALSE
ID227,2012-05-09,FALSE,TRUE,FALSE,FALSE
ID228,2012-05-13,FALSE,FALSE,FALSE,FALSE
ID229,2012-05-17,FALSE,FALSE,FALSE,FALSE
ID230,2012-05-19,FALSE,TRUE,FALSE,FALSE
ID231,2012-05-24,FALSE,FALSE,FALSE,FALSE
ID232,2012-06-17,FALSE,TRUE,FALSE,FALSE
ID233,2012-06-18,FALSE,FALSE,FALSE,FALSE
ID234,2012-06-24,FALSE,FALSE,FALSE,FALSE
ID235,2012-06-25,TRUE,TRUE,FALSE,FALSE
ID236,2012-06-28,TRUE,TRUE,FALSE,FALSE
ID237,2012-07-02,FALSE,FALSE,FALSE,FALSE
ID238,2012-07-02,TRUE,FALSE,TRUE,FALSE
ID239,2012-07-05,TRUE,FALSE,FALSE,FALSE
ID240,2012-07-07,FALSE,FALSE,FALSE,FALSE
ID241,2012-07-13,FALSE,FALSE,TRUE,FALSE
ID242,2012-07-16,TRUE,TRUE,TRUE,FALSE
ID243,2012-07-20,FALSE,FALSE,FALSE,FALSE
ID244,2012-07-21,FALSE,TRUE,FALSE,FALSE
ID245,2012-07-26,TRUE,TRUE,TRUE,TRUE
ID246,2012-07-26,FALSE,FALSE,FALSE,FALSE
ID247,2012-07-31,FALSE,TRUE,TRUE,FALSE
ID248,2012-07-31,FALSE,FALSE,FALSE,FALSE
ID249,2012-08-02,FALSE,TRUE,FALSE,FALSE
ID250,2012-08-02,TRUE,FALSE,FALSE,FALSE
ID251,2012-08-03,FALSE,TRUE,FALSE,FALSE
ID252,2012-08-08,FALSE,FALSE,FALSE,FALSE
ID253,2012-08-11,FALSE,TRUE,FALSE,FALSE
ID254,2012-08-16,TRUE,FALSE,FALSE,FALSE
ID255,2012-09-04,FALSE,FALSE,FALSE,FALSE
ID256,2012-09-07,TRUE,FALSE,FALSE,FALSE
ID257,2012-09-08,FALSE,FALSE,FALSE,FALSE
ID258,2012-09-09,TRUE,FALSE,FALSE,FALSE
ID259,2012-09-10,TRUE,FALSE,FALSE,FALSE
ID260,2012-09-10,TRUE,FALSE,FALSE,FALSE
ID261,2012-09-11,TRUE,TRUE,FALSE,FALSE
ID262,2012-09-11,FALSE,FALSE,FALSE,FALSE
ID263,2012-09-13,FALSE,FALSE,FALSE,FALSE
ID264,2012-09-14,TRUE,FALSE,TRUE,FALSE
ID265,2012-09-23,TRUE,FALSE,FALSE,FALSE
ID266,2012-09-25,FALSE,FALSE,FALSE,FALSE
ID267,2012-09-29,TRUE,FALSE,FALSE,FALSE
ID268,2012-10-06,FALSE,TRUE,FALSE,FALSE
ID269,2012-10-11,TRUE,FALSE,TRUE,FALSE
ID270,2012-10-14,TRUE,TRUE,FALSE,FALSE
ID271,2012-10-16,FALSE,FALSE,FALSE,FALSE
ID272,2012-10-21,TRUE,FALSE,FALSE,FALSE
ID273,2012-10-23,FALSE,FALSE,FALSE,FALSE
ID274,2012-10-30,FALSE,FALSE,FALSE,TRUE
ID275,2012-10-31,TRUE,FALSE,FALSE,TRUE
ID276,2012-11-01,FALSE,FALSE,FALSE,FALSE
ID277,2012-11-09,FALSE,FALSE,FALSE,FALSE
ID278,2012-11-11,FALSE,FALSE,FALSE,FALSE
ID279,2012-11-21,FALSE,FALSE,FALSE,FALSE
ID280,2012-11-22,FALSE,FALSE,FALSE,FALSE
ID281,2012-11-30,FALSE,FALSE,FALSE,FALSE
ID282,2012-12-08,FALSE,TRUE,FALSE,TRUE
ID283,2012-12-13,FALSE,FALSE,FALSE,TRUE
ID284,2012-12-13,TRUE,FALSE,FALSE,TRUE
ID285,2012-12-13,FALSE,FALSE,FALSE,FALSE
ID286,2012-12-18,FALSE,FALSE,FALSE,FALSE
ID287,2012-12-20,FALSE,FALSE,FALSE,FALSE
ID288,2012-12-24,FALSE,FALSE,TRUE,FALSE
ID289,2012-12-28,FALSE,FALSE,FALSE,FALSE
ID290,2013-01-02,FALSE,FALSE,TRUE,TRUE
ID291,2013-01-13,TRUE,FALSE,FALSE,FALSE
ID292,2013-01-14,TRUE,FALSE,FALSE,TRUE
ID293,2013-01-25,FALSE,FALSE,FALSE,FALSE
ID294,2013-01-26,FALSE,FALSE,FALSE,FALSE
ID295,2013-01-30,FALSE,FALSE,FALSE,FALSE
ID296,2013-02-02,FALSE,TRUE,FALSE,TRUE
ID297,2013-02-07,TRUE,FALSE,FALSE,FALSE
ID298,2013-02-09,TRUE,FALSE,FALSE,FALSE
ID299,2013-02-11,FALSE,FALSE,TRUE,FALSE
ID300,2013-02-14,FALSE,FALSE,FALSE,FALSE
ID301,2013-02-16,FALSE,FALSE,FALSE,FALSE
ID302,2013-02-24,FALSE,TRUE,FALSE,FALSE
ID303,2013-02-24,FALSE,TRUE,FALSE,FALSE
ID304,2013-02-25,FALSE,FALSE,FALSE,FALSE
ID305,2013-03-05,TRUE,FALSE,FALSE,FALSE
ID306,2013-03-07,TRUE,FALSE,FALSE,FALSE
ID307,2013-03-07,FALSE,TRUE,FALSE,TRUE
ID308,2013-03-10,FALSE,FALSE,FALSE,FALSE
ID309,2013-03-14,FALSE,TRUE,FALSE,FALSE
ID310,2013-03-17,FALSE,TRUE,TRUE,FALSE
ID311,2013-03-19,FALSE,FALSE,TRUE,FALSE
ID312,2013-03-19,TRUE,FALSE,TRUE,FALSE
ID313,2013-03-22,FALSE,FALSE,FALSE,FALSE
ID314,2013-03-30,FALSE,FALSE,TRUE,FALSE
ID315,2013-03-30,FALSE,FALSE,TRUE,FALSE
ID316,2013-04-06,TRUE,FALSE,TRUE,FALSE
ID317,2013-04-12,FALSE,FALSE,FALSE,FALSE
ID318,2013-04-22,TRUE,FALSE,FALSE,FALSE
ID319,2013-04-26,TRUE,FALSE,FALSE,FALSE
ID320,2013-04-30,TRUE,TRUE,FALSE,FALSE
ID321,2013-05-01,FALSE,FALSE,FALSE,FALSE
ID322,2013-05-09,FALSE,FALSE,TRUE,FALSE
ID323,2013-05-10,FALSE,FALSE,FALSE,FALSE
ID324,2013-05-11,FALSE,TRUE,FALSE,TRUE
ID325,2013-05-15,TRUE,TRUE,FALSE,FALSE
ID326,2013-05-19,TRUE,FALSE,FALSE,TRUE
ID327,2013-05-20,FALSE,TRUE,FALSE,FALSE
ID328,2013-05-21,TRUE,TRUE,FALSE,TRUE
ID329,2013-05-21,TRUE,TRUE,TRUE,TRUE
ID330,2013-05-22,TRUE,TRUE,FALSE,FALSE
ID331,2013-06-01,TRUE,FALSE,FALSE,FALSE
ID332,2013-06-01,FALSE,FALSE,TRUE,FALSE
ID333,2013-06-02,FALSE,FALSE,FALSE,TRUE
ID334,2013-06-03,FALSE,TRUE,FALSE,FALSE
ID335,2013-06-04,TRUE,TRUE,FALSE,FALSE
ID336,2013-06-05,FALSE,FALSE,FALSE,FALSE
ID337,2013-06-05,TRUE,FALSE,FALSE,FALSE
ID338,2013-06-08,FALSE,FALSE,FALSE,TRUE
ID339,2013-06-09,TRUE,FALSE,FALSE,FALSE
ID340,2013-06-19,FALSE,FALSE,FALSE,FALSE
ID341,2013-06-24,FALSE,FALSE,FALSE,FALSE
ID342,2013-06-26,FALSE,TRUE,FALSE,FALSE
ID343,2013-06-28,TRUE,FALSE,FALSE,FALSE
ID344,2013-07-03,FALSE,FALSE,TRUE,TRUE
ID345,2013-07-03,FALSE,FALSE,FALSE,FALSE
ID346,2013-07-05,FALSE,FALSE,FALSE,FALSE
ID347,2013-07-06,TRUE,TRUE,FALSE,FALSE
ID348,2013-07-16,FALSE,FALSE,FALSE,FALSE
ID349,2013-07-24,TRUE,FALSE,FALSE,FALSE
ID350,2013-07-30,TRUE,FALSE,TRUE,FALSE
ID351,2013-07-31,FALSE,FALSE,FALSE,TRUE
ID352,2013-08-01,TRUE,FALSE,FALSE,FALSE
ID353,2013-08-04,FALSE,FALSE,FALSE,TRUE
ID354,2013-08-08,FALSE,FALSE,FALSE,FALSE
ID355,2013-08-08,TRUE,FALSE,FALSE,FALSE
ID356,2013-08-14,FALSE,FALSE,FALSE,FALSE
ID357,2013-08-17,TRUE,FALSE,TRUE,FALSE
ID358,2013-08-19,TRUE,FALSE,TRUE,TRUE
ID359,2013-08-25,FALSE,FALSE,FALSE,FALSE
ID360,2013-08-28,FALSE,FALSE,FALSE,FALSE
ID361,2013-08-29,TRUE,FALSE,TRUE,FALSE
ID362,2013-08-30,TRUE,FALSE,FALSE,TRUE
ID363,2013-09-02,FALSE,TRUE,FALSE,TRUE
ID364,2013-09-10,TRUE,FALSE,FALSE,FALSE
ID365,2013-09-14,TRUE,FALSE,FALSE,FALSE
ID366,2013-09-22,TRUE,TRUE,FALSE,FALSE
ID367,2013-09-24,TRUE,FALSE,FALSE,FALSE
ID368,2013-09-26,TRUE,FALSE,FALSE,FALSE
ID369,2013-09-26,FALSE,FALSE,FALSE,FALSE
ID370,2013-10-01,FALSE,TRUE,FALSE,FALSE
ID371,2013-10-03,FALSE,FALSE,FALSE,FALSE
ID372,2013-10-03,FALSE,FALSE,FALSE,FALSE
ID373,2013-10-08,TRUE,FALSE,FALSE,FALSE
ID374,2013-10-12,FALSE,FALSE,FALSE,TRUE
ID375,2013-10-18,TRUE,FALSE,FALSE,FALSE
ID376,2013-10-20,TRUE,FALSE,FALSE,FALSE
ID377,2013-10-21,FALSE,FALSE,FALSE,FALSE
ID378,2013-10-21,FALSE,FALSE,FALSE,FALSE
ID379,2013-10-22,FALSE,FALSE,FALSE,FALSE
ID380,2013-10-27,TRUE,FALSE,FALSE,TRUE
ID381,2013-11-01,TRUE,TRUE,FALSE,FALSE
ID382,2013-11-02,FALSE,FALSE,FALSE,TRUE
ID383,2013-11-06,FALSE,TRUE,FALSE,FALSE
ID384,2013-11-14,FALSE,FALSE,FALSE,FALSE
ID385,2013-11-25,TRUE,FALSE,FALSE,TRUE
ID386,2013-11-28,TRUE,FALSE,FALSE,FALSE
ID387,2013-11-28,FALSE,FALSE,FALSE,FALSE
ID388,2013-12-03,TRUE,FALSE,TRUE,FALSE
ID389,2013-12-12,FALSE,FALSE,FALSE,FALSE
ID390,2013-12-19,FALSE,FALSE,FALSE,TRUE
ID391,2013-12-20,TRUE,FALSE,FALSE,FALSE
ID392,2013-12-27,TRUE,FALSE,FALSE,TRUE
ID393,2014-01-07,TRUE,TRUE,TRUE,FALSE
ID394,2014-01-21,FALSE,FALSE,FALSE,FALSE
ID395,2014-01-27,TRUE,FALSE,FALSE,TRUE
ID396,2014-01-29,FALSE,FALSE,FALSE,FALSE
ID397,2014-02-01,TRUE,FALSE,FALSE,FALSE
ID398,2014-02-07,TRUE,FALSE,FALSE,TRUE
ID399,2014-02-20,TRUE,FALSE,FALSE,FALSE
ID400,2014-02-23,FALSE,FALSE,FALSE,TRUE
ID401,2014-03-15,FALSE,FALSE,FALSE,FALSE
ID402,2014-03-17,TRUE,FALSE,FALSE,FALSE
ID403,2014-03-20,TRUE,FALSE,FALSE,FALSE
ID404,2014-03-20,FALSE,FALSE,FALSE,TRUE
ID405,2014-03-21,TRUE,FALSE,FALSE,TRUE
ID406,2014-03-26,FALSE,FALSE,FALSE,FALSE
ID407,2014-03-26,TRUE,FALSE,FALSE,FALSE
ID408,2014-04-12,FALSE,FALSE,TRUE,FALSE
ID409,2014-04-15,FALSE,FALSE,FALSE,FALSE
ID410,2014-04-17,FALSE,FALSE,FALSE,TRUE
ID411,2014-04-20,FALSE,FALSE,FALSE,FALSE
ID412,2014-04-27,TRUE,FALSE,FALSE,FALSE
ID413,2014-04-28,FALSE,FALSE,FALSE,FALSE
ID414,2014-04-30,TRUE,FALSE,FALSE,FALSE
ID415,2014-05-01,FALSE,FALSE,FALSE,TRUE
ID416,2014-05-06,FALSE,FALSE,FALSE,TRUE
ID417,2014-05-10,FALSE,FALSE,TRUE,FALSE
ID418,2014-05-10,TRUE,FALSE,FALSE,TRUE
ID419,2014-05-12,FALSE,FALSE,FALSE,FALSE
ID420,2014-05-12,FALSE,FALSE,FALSE,FALSE
ID421,2014-05-22,FALSE,TRUE,FALSE,TRUE
ID422,2014-05-30,FALSE,FALSE,FALSE,FALSE
ID423,2014-06-04,TRUE,FALSE,FALSE,TRUE
ID424,2014-06-13,TRUE,TRUE,FALSE,FALSE
ID425,2014-06-13,TRUE,TRUE,FALSE,FALSE
ID426,2014-06-19,FALSE,FALSE,FALSE,FALSE
ID427,2014-06-22,FALSE,TRUE,FALSE,FALSE
ID428,2014-07-01,FALSE,FALSE,FALSE,FALSE
ID429,2014-07-02,TRUE,FALSE,FALSE,FALSE
ID430,2014-07-04,TRUE,TRUE,TRUE,FALSE
ID431,2014-07-05,TRUE,TRUE,FALSE,TRUE
ID432,2014-07-06,TRUE,FALSE,FALSE,FALSE
ID433,2014-07-12,FALSE,TRUE,FALSE,TRUE
ID434,2014-07-19,FALSE,TRUE,TRUE,FALSE
ID435,2014-07-23,TRUE,TRUE,TRUE,FALSE
ID436,2014-07-29,FALSE,FALSE,FALSE,FALSE
ID437,2014-08-05,FALSE,FALSE,FALSE,FALSE
ID438,2014-08-05,FALSE,FALSE,FALSE,FALSE
ID439,2014-08-11,FALSE,TRUE,FALSE,TRUE
ID440,2014-08-17,FALSE,FALSE,TRUE,FALSE
ID441,2014-08-17,TRUE,FALSE,FALSE,FALSE
ID442,2014-08-20,TRUE,FALSE,FALSE,FALSE
ID443,2014-08-20,FALSE,FALSE,FALSE,FALSE
ID444,2014-08-28,TRUE,TRUE,TRUE,FALSE
ID445,2014-08-29,FALSE,FALSE,FALSE,FALSE
ID446,2014-09-05,FALSE,FALSE,FALSE,FALSE
ID447,2014-09-05,FALSE,FALSE,FALSE,TRUE
ID448,2014-09-05,TRUE,FALSE,FALSE,FALSE
ID449,2014-09-06,TRUE,TRUE,FALSE,FALSE
ID450,2014-09-10,FALSE,FALSE,FALSE,FALSE
ID451,2014-09-13,FALSE,TRUE,FALSE,FALSE
ID452,2014-09-16,FALSE,TRUE,FALSE,FALSE
ID453,2014-09-17,TRUE,FALSE,FALSE,FALSE
ID454,2014-09-18,TRUE,FALSE,FALSE,FALSE
ID455,2014-09-22,FALSE,FALSE,FALSE,TRUE
ID456,2014-09-30,FALSE,FALSE,FALSE,FALSE
ID457,2014-10-08,FALSE,TRUE,FALSE,FALSE
ID458,2014-10-12,TRUE,FALSE,FALSE,FALSE
ID459,2014-10-16,TRUE,FALSE,FALSE,FALSE
ID460,2014-10-19,TRUE,FALSE,FALSE,TRUE
ID461,2014-10-31,FALSE,FALSE,FALSE,FALSE
ID462,2014-11-04,FALSE,FALSE,FALSE,FALSE
ID463,2014-11-09,TRUE,FALSE,FALSE,FALSE
ID464,2014-11-13,FALSE,FALSE,FALSE,FALSE
ID465,2014-11-14,FALSE,FALSE,FALSE,TRUE
ID466,2014-11-14,TRUE,FALSE,FALSE,FALSE
ID467,2014-11-17,FALSE,FALSE,FALSE,FALSE
ID468,2014-11-23,FALSE,FALSE,FALSE,FALSE
ID469,2014-11-25,FALSE,FALSE,TRUE,FALSE
ID470,2014-11-26,TRUE,FALSE,FALSE,FALSE
ID471,2014-11-28,FALSE,FALSE,FALSE,TRUE
ID472,2014-11-28,FALSE,TRUE,FALSE,FALSE
ID473,2014-12-02,TRUE,FALSE,TRUE,TRUE
ID474,2014-12-05,TRUE,FALSE,FALSE,FALSE
ID475,2014-12-06,FALSE,TRUE,FALSE,TRUE
ID476,2014-12-08,FALSE,FALSE,FALSE,FALSE
ID477,2014-12-21,TRUE,FALSE,FALSE,TRUE
ID478,2014-12-24,TRUE,TRUE,FALSE,FALSE
ID479,2014-12-28,FALSE,FALSE,FALSE,FALSE
ID480,2014-12-30,TRUE,FALSE,FALSE,FALSE
ID481,2015-01-02,FALSE,TRUE,FALSE,FALSE
ID482,2015-01-17,TRUE,FALSE,FALSE,FALSE
ID483,2015-01-20,TRUE,TRUE,FALSE,TRUE
ID484,2015-01-22,FALSE,TRUE,FALSE,FALSE
ID485,2015-01-24,TRUE,FALSE,FALSE,FALSE
ID486,2015-01-25,FALSE,FALSE,FALSE,FALSE
ID487,2015-01-27,TRUE,FALSE,FALSE,TRUE
ID488,2015-02-03,FALSE,FALSE,FALSE,FALSE
ID489,2015-02-06,FALSE,TRUE,FALSE,FALSE
ID490,2015-02-14,FALSE,FALSE,FALSE,FALSE
ID491,2015-02-20,TRUE,FALSE,FALSE,TRUE
ID492,2015-02-28,FALSE,FALSE,FALSE,FALSE
ID493,2015-03-01,TRUE,FALSE,FALSE,FALSE
ID494,2015-03-02,FALSE,FALSE,FALSE,FALSE
ID495,2015-03-04,FALSE,FALSE,FALSE,TRUE
ID496,2015-03-09,FALSE,FALSE,TRUE,FALSE
ID497,2015-03-10,TRUE,FALSE,TRUE,FALSE
ID498,2015-03-15,FALSE,FALSE,FALSE,FALSE
ID499,2015-03-15,FALSE,FALSE,FALSE,FALSE
ID500,2015-03-18,FALSE,FALSE,FALSE,FALSE
ID501,2015-03-20,FALSE,FALSE,FALSE,FALSE
ID502,2015-03-20,FALSE,FALSE,FALSE,FALSE
ID503,2015-03-22,TRUE,TRUE,FALSE,FALSE
ID504,2015-04-03,TRUE,FALSE,TRUE,FALSE
ID505,2015-04-09,FALSE,TRUE,FALSE,FALSE
ID506,2015-04-13,TRUE,FALSE,FALSE,FALSE
ID507,2015-04-14,TRUE,FALSE,TRUE,TRUE
ID508,2015-04-18,FALSE,FALSE,FALSE,FALSE
ID509,2015-04-23,TRUE,FALSE,FALSE,FALSE
ID510,2015-04-27,FALSE,FALSE,FALSE,TRUE
ID511,2015-04-28,FALSE,FALSE,FALSE,FALSE
ID512,2015-04-29,TRUE,FALSE,FALSE,FALSE
ID513,2015-05-02,FALSE,FALSE,FALSE,FALSE
ID514,2015-05-04,FALSE,FALSE,FALSE,FALSE
ID515,2015-05-08,TRUE,FALSE,FALSE,TRUE
ID516,2015-05-08,FALSE,TRUE,FALSE,FALSE
ID517,2015-05-11,FALSE,FALSE,FALSE,FALSE
ID518,2015-05-14,FALSE,FALSE,FALSE,FALSE
ID519,2015-05-29,FALSE,FALSE,FALSE,FALSE
ID520,2015-06-05,TRUE,FALSE,FALSE,TRUE
ID521,2015-06-13,TRUE,TRUE,FALSE,FALSE
ID522,2015-06-14,TRUE,FALSE,FALSE,FALSE
ID523,2015-06-27,TRUE,FALSE,TRUE,FALSE
ID524,2015-07-08,FALSE,FALSE,FALSE,TRUE
ID525,2015-07-08,TRUE,FALSE,FALSE,FALSE
ID526,2015-07-12,TRUE,FALSE,FALSE,FALSE
ID527,2015-07-15,FALSE,FALSE,TRUE,FALSE
ID528,2015-07-21,TRUE,FALSE,FALSE,FALSE
ID529,2015-07-22,FALSE,FALSE,FALSE,FALSE
ID530,2015-07-24,FALSE,TRUE,FALSE,TRUE
ID531,2015-07-28,TRUE,TRUE,FALSE,FALSE
ID532,2015-08-03,FALSE,FALSE,FALSE,TRUE
ID533,2015-08-28,TRUE,TRUE,FALSE,FALSE
ID534,2015-09-03,TRUE,FALSE,FALSE,FALSE
ID535,2015-09-03,FALSE,FALSE,FALSE,FALSE
ID536,2015-09-16,FALSE,FALSE,FALSE,FALSE
ID537,2015-09-19,FALSE,TRUE,FALSE,FALSE
ID538,2015-09-20,TRUE,FALSE,FALSE,FALSE
ID539,2015-09-21,TRUE,FALSE,FALSE,FALSE
ID540,2015-09-25,FALSE,FALSE,TRUE,FALSE
ID541,2015-09-28,TRUE,FALSE,FALSE,TRUE
ID542,2015-10-02,TRUE,TRUE,FALSE,FALSE
ID543,2015-10-07,TRUE,TRUE,FALSE,TRUE
ID544,2015-10-09,FALSE,FALSE,FALSE,FALSE
ID545,2015-10-18,TRUE,FALSE,FALSE,TRUE
ID546,2015-10-22,TRUE,FALSE,FALSE,FALSE
ID547,2015-10-25,TRUE,TRUE,FALSE,FALSE
ID548,2015-11-02,FALSE,FALSE,FALSE,FALSE
ID549,2015-11-03,FALSE,FALSE,FALSE,FALSE
ID550,2015-11-05,FALSE,TRUE,TRUE,FALSE
ID551,2015-11-06,TRUE,FALSE,FALSE,FALSE
ID552,2015-11-10,FALSE,FALSE,FALSE,FALSE
ID553,2015-11-15,TRUE,TRUE,FALSE,FALSE
ID554,2015-11-18,FALSE,FALSE,FALSE,TRUE
ID555,2015-11-21,FALSE,FALSE,FALSE,FALSE
ID556,2015-11-25,FALSE,FALSE,FALSE,FALSE
ID557,2015-11-26,TRUE,FALSE,TRUE,FALSE
ID558,2015-11-27,FALSE,FALSE,FALSE,FALSE
ID559,2015-12-03,TRUE,FALSE,FALSE,FALSE
ID560,2015-12-14,TRUE,FALSE,FALSE,FALSE
ID561,2015-12-18,TRUE,FALSE,FALSE,FALSE
ID562,2015-12-19,FALSE,FALSE,FALSE,FALSE
ID563,2015-12-21,FALSE,TRUE,FALSE,FALSE
ID564,2015-12-26,FALSE,TRUE,FALSE,FALSE
ID565,2015-12-31,FALSE,FALSE,FALSE,TRUE
ID566,2016-01-02,FALSE,FALSE,FALSE,TRUE
ID567,2016-01-03,TRUE,FALSE,FALSE,FALSE
ID568,2016-01-13,FALSE,FALSE,FALSE,TRUE
ID569,2016-01-15,TRUE,TRUE,FALSE,FALSE
ID570,2016-01-20,TRUE,TRUE,FALSE,FALSE
ID571,2016-01-23,TRUE,FALSE,FALSE,TRUE
ID572,2016-01-27,FALSE,FALSE,FALSE,FALSE
ID573,2016-01-27,TRUE,TRUE,FALSE,FALSE
ID574,2016-01-28,FALSE,FALSE,FALSE,FALSE
ID575,2016-02-04,FALSE,FALSE,TRUE,TRUE
ID576,2016-02-05,TRUE,FALSE,FALSE,FALSE
ID577,2016-02-08,FALSE,FALSE,FALSE,FALSE
ID578,2016-02-10,FALSE,FALSE,FALSE,FALSE
ID579,2016-02-14,TRUE,FALSE,TRUE,FALSE
ID580,2016-02-15,TRUE,TRUE,FALSE,FALSE
ID581,2016-02-21,FALSE,FALSE,FALSE,TRUE
ID582,2016-02-23,TRUE,FALSE,FALSE,FALSE
ID583,2016-02-28,TRUE,FALSE,TRUE,TRUE
ID584,2016-03-03,TRUE,FALSE,FALSE,TRUE
ID585,2016-03-09,FALSE,FALSE,FALSE,FALSE
ID586,2016-03-15,FALSE,TRUE,FALSE,FALSE
ID587,2016-03-23,TRUE,FALSE,FALSE,FALSE
ID588,2016-03-30,TRUE,FALSE,FALSE,FALSE
ID589,2016-04-06,FALSE,FALSE,FALSE,FALSE
ID590,2016-04-16,TRUE,FALSE,FALSE,FALSE
ID591,2016-04-18,FALSE,FALSE,FALSE,FALSE
ID592,2016-04-22,TRUE,FALSE,TRUE,FALSE
ID593,2016-04-22,FALSE,TRUE,FALSE,FALSE
ID594,2016-04-25,TRUE,FALSE,FALSE,FALSE
ID595,2016-04-28,TRUE,FALSE,FALSE,FALSE
ID596,2016-04-30,FALSE,FALSE,FALSE,FALSE
ID597,2016-05-02,TRUE,FALSE,FALSE,FALSE
ID598,2016-05-03,FALSE,FALSE,FALSE,FALSE
ID599,2016-05-04,FALSE,FALSE,FALSE,FALSE
ID600,2016-05-04,FALSE,FALSE,FALSE,FALSE
ID601,2016-05-05,FALSE,FALSE,FALSE,TRUE
ID602,2016-05-09,FALSE,TRUE,FALSE,FALSE
ID603,2016-05-10,TRUE,FALSE,FALSE,TRUE
ID604,2016-05-20,FALSE,TRUE,FALSE,FALSE
ID605,2016-05-24,TRUE,FALSE,FALSE,FALSE
ID606,2016-06-01,FALSE,FALSE,FALSE,FALSE
ID607,2016-06-01,TRUE,FALSE,FALSE,TRUE
ID608,2016-06-03,FALSE,FALSE,FALSE,FALSE
ID609,2016-06-03,FALSE,TRUE,FALSE,FALSE
ID610,2016-06-09,TRUE,FALSE,FALSE,FALSE
ID611,2016-06-19,FALSE,FALSE,FALSE,FALSE
ID612,2016-06-26,TRUE,FALSE,FALSE,FALSE
ID613,2016-07-05,TRUE,FALSE,FALSE,FALSE
ID614,2016-07-07,FALSE,FALSE,FALSE,FALSE
ID615,2016-07-16,TRUE,TRUE,FALSE,FALSE
ID616,2016-07-30,TRUE,FALSE,TRUE,FALSE
ID617,2016-08-13,FALSE,TRUE,FALSE,FALSE
ID618,2016-08-15,FALSE,TRUE,FALSE,TRUE
ID619,2016-08-16,FALSE,FALSE,FALSE,FALSE
ID620,2016-08-19,FALSE,FALSE,FALSE,TRUE
ID621,2016-08-19,FALSE,TRUE,FALSE,FALSE
ID622,2016-08-21,TRUE,FALSE,FALSE,FALSE
ID623,2016-08-22,FALSE,TRUE,TRUE,FALSE
ID624,2016-08-23,TRUE,TRUE,FALSE,FALSE
ID625,2016-08-31,FALSE,FALSE,FALSE,FALSE
ID626,2016-09-03,TRUE,TRUE,FALSE,FALSE
ID627,2016-09-04,FALSE,TRUE,FALSE,FALSE
ID628,2016-09-11,FALSE,FALSE,FALSE,TRUE
ID629,2016-09-11,TRUE,FALSE,FALSE,FALSE
ID630,2016-09-15,FALSE,FALSE,FALSE,TRUE
ID631,2016-09-15,FALSE,FALSE,FALSE,FALSE
ID632,2016-09-19,FALSE,FALSE,FALSE,FALSE
ID633,2016-09-23,FALSE,FALSE,FALSE,FALSE
ID634,2016-09-25,FALSE,FALSE,FALSE,TRUE
ID635,2016-10-08,TRUE,FALSE,FALSE,FALSE
ID636,2016-10-09,TRUE,TRUE,TRUE,FALSE
ID637,2016-10-10,FALSE,TRUE,FALSE,FALSE
ID638,2016-10-21,TRUE,FALSE,TRUE,FALSE
ID639,2016-10-25,TRUE,FALSE,FALSE,FALSE
ID640,2016-10-26,TRUE,TRUE,TRUE,FALSE
ID641,2016-11-09,FALSE,TRUE,FALSE,FALSE
ID642,2016-11-11,FALSE,FALSE,FALSE,TRUE
ID643,2016-11-12,TRUE,FALSE,FALSE,FALSE
ID644,2016-12-05,TRUE,FALSE,FALSE,FALSE
ID645,2016-12-07,TRUE,FALSE,TRUE,FALSE
ID646,2016-12-14,TRUE,FALSE,FALSE,FALSE
ID647,2016-12-15,FALSE,FALSE,FALSE,FALSE
ID648,2016-12-18,FALSE,FALSE,FALSE,FALSE
ID649,2016-12-25,TRUE,TRUE,FALSE,FALSE
ID650,2016-12-26,TRUE,FALSE,FALSE,FALSE
ID651,2016-12-26,FALSE,FALSE,FALSE,TRUE
ID652,2016-12-28,TRUE,TRUE,FALSE,FALSE
ID653,2017-01-03,TRUE,FALSE,FALSE,FALSE
ID654,2017-01-05,TRUE,FALSE,FALSE,FALSE
ID655,2017-01-12,TRUE,TRUE,FALSE,FALSE
ID656,2017-01-17,FALSE,FALSE,TRUE,FALSE
ID657,2017-01-19,FALSE,FALSE,FALSE,TRUE
ID658,2017-01-21,FALSE,FALSE,TRUE,TRUE
ID659,2017-01-22,FALSE,FALSE,FALSE,FALSE
ID660,2017-01-23,FALSE,FALSE,FALSE,FALSE
ID661,2017-01-23,TRUE,TRUE,FALSE,TRUE
ID662,2017-01-27,TRUE,FALSE,TRUE,FALSE
ID663,2017-01-27,FALSE,TRUE,TRUE,FALSE
ID664,2017-01-28,TRUE,FALSE,FALSE,FALSE
ID665,2017-01-30,FALSE,FALSE,FALSE,FALSE
ID666,2017-01-31,TRUE,FALSE,FALSE,FALSE
ID667,2017-01-31,TRUE,FALSE,FALSE,FALSE
ID668,2017-02-03,FALSE,TRUE,FALSE,FALSE
ID669,2017-02-10,TRUE,FALSE,FALSE,FALSE
ID670,2017-02-14,FALSE,FALSE,FALSE,FALSE
ID671,2017-02-21,FALSE,FALSE,FALSE,FALSE
ID672,2017-02-21,TRUE,FALSE,FALSE,FALSE
ID673,2017-04-04,FALSE,FALSE,FALSE,FALSE
ID674,2017-04-06,FALSE,FALSE,FALSE,FALSE
ID675,2017-04-07,FALSE,FALSE,FALSE,FALSE
ID676,2017-04-15,FALSE,FALSE,FALSE,FALSE
ID677,2017-04-19,FALSE,FALSE,FALSE,FALSE
ID678,2017-04-23,FALSE,TRUE,FALSE,FALSE
ID679,2017-04-28,FALSE,FALSE,FALSE,FALSE
ID680,2017-04-28,FALSE,FALSE,FALSE,FALSE
ID681,2017-05-01,FALSE,TRUE,FALSE,TRUE
ID682,2017-05-08,TRUE,TRUE,TRUE,FALSE
ID683,2017-05-09,TRUE,TRUE,FALSE,TRUE
ID684,2017-05-16,TRUE,FALSE,FALSE,TRUE
ID685,2017-05-30,FALSE,FALSE,FALSE,FALSE
ID686,2017-05-31,TRUE,FALSE,FALSE,FALSE
ID687,2017-06-09,FALSE,FALSE,FALSE,TRUE
ID688,2017-06-14,FALSE,FALSE,FALSE,FALSE
ID689,2017-06-17,TRUE,FALSE,FALSE,FALSE
ID690,2017-06-22,TRUE,FALSE,FALSE,FALSE
ID691,2017-06-23,TRUE,FALSE,FALSE,FALSE
ID692,2017-06-24,FALSE,FALSE,TRUE,FALSE
ID693,2017-06-24,TRUE,FALSE,FALSE,FALSE
ID694,2017-07-01,TRUE,FALSE,FALSE,FALSE
ID695,2017-07-04,FALSE,TRUE,FALSE,FALSE
ID696,2017-07-07,TRUE,FALSE,FALSE,TRUE
ID697,2017-07-08,TRUE,TRUE,FALSE,FALSE
ID698,2017-07-08,TRUE,TRUE,FALSE,FALSE
ID699,2017-07-09,TRUE,FALSE,FALSE,FALSE
ID700,2017-07-12,FALSE,TRUE,FALSE,FALSE
ID701,2017-07-13,TRUE,FALSE,FALSE,TRUE
ID702,2017-07-16,TRUE,FALSE,TRUE,FALSE
ID703,2017-07-16,FALSE,FALSE,FALSE,TRUE
ID704,2017-07-20,TRUE,FALSE,FALSE,FALSE
ID705,2017-07-29,TRUE,FALSE,FALSE,TRUE
ID706,2017-07-30,TRUE,FALSE,FALSE,FALSE
ID707,2017-08-03,FALSE,FALSE,FALSE,FALSE
ID708,2017-08-05,FALSE,FALSE,FALSE,FALSE
ID709,2017-08-11,FALSE,FALSE,FALSE,FALSE
ID710,2017-08-12,TRUE,FALSE,FALSE,FALSE
ID711,2017-08-17,TRUE,TRUE,FALSE,FALSE
ID712,2017-08-25,TRUE,FALSE,FALSE,TRUE
ID713,2017-08-26,FALSE,TRUE,FALSE,FALSE
ID714,2017-09-01,TRUE,TRUE,FALSE,TRUE
ID715,2017-09-04,TRUE,TRUE,FALSE,FALSE
ID716,2017-09-06,TRUE,FALSE,FALSE,FALSE
ID717,2017-09-10,FALSE,FALSE,FALSE,FALSE
ID718,2017-09-12,FALSE,TRUE,TRUE,TRUE
ID719,2017-09-13,FALSE,FALSE,FALSE,FALSE
ID720,2017-09-18,TRUE,FALSE,FALSE,FALSE
ID721,2017-09-21,FALSE,TRUE,FALSE,TRUE
ID722,2017-09-22,TRUE,FALSE,FALSE,FALSE
ID723,2017-09-26,FALSE,FALSE,FALSE,TRUE
ID724,2017-09-29,FALSE,FALSE,FALSE,TRUE
ID725,2017-10-01,FALSE,FALSE,TRUE,FALSE
ID726,2017-10-08,TRUE,FALSE,TRUE,FALSE
ID727,2017-10-09,FALSE,FALSE,TRUE,FALSE
ID728,2017-10-29,FALSE,FALSE,FALSE,TRUE
ID729,2017-11-06,FALSE,TRUE,FALSE,FALSE
ID730,2017-11-08,TRUE,FALSE,FALSE,FALSE
ID731,2017-11-10,FALSE,FALSE,FALSE,TRUE
ID732,2017-11-11,TRUE,FALSE,FALSE,FALSE
ID733,2017-11-11,TRUE,FALSE,FALSE,FALSE
ID734,2017-11-14,TRUE,TRUE,TRUE,FALSE
ID735,2017-11-24,FALSE,FALSE,FALSE,FALSE
ID736,2017-12-06,FALSE,TRUE,FALSE,TRUE
ID737,2017-12-07,FALSE,FALSE,FALSE,FALSE
ID738,2017-12-08,TRUE,FALSE,FALSE,FALSE
ID739,2017-12-13,TRUE,TRUE,FALSE,FALSE
ID740,2017-12-19,TRUE,TRUE,FALSE,FALSE
ID741,2017-12-20,TRUE,FALSE,FALSE,FALSE
ID742,2017-12-21,TRUE,FALSE,FALSE,FALSE
ID743,2017-12-21,TRUE,FALSE,FALSE,FALSE
ID744,2017-12-23,TRUE,FALSE,FALSE,FALSE
ID745,2017-12-25,TRUE,FALSE,FALSE,FALSE
ID746,2017-12-26,FALSE,FALSE,FALSE,TRUE
ID747,2017-12-27,FALSE,FALSE,FALSE,TRUE
ID748,2017-12-29,TRUE,FALSE,FALSE,FALSE
ID749,2018-01-31,TRUE,FALSE,FALSE,FALSE
ID750,2018-02-07,FALSE,FALSE,FALSE,FALSE
ID751,2018-02-07,FALSE,FALSE,FALSE,FALSE
ID752,2018-02-13,FALSE,FALSE,FALSE,FALSE
ID753,2018-02-17,FALSE,FALSE,FALSE,FALSE
ID754,2018-02-17,FALSE,FALSE,FALSE,TRUE
ID755,2018-02-19,FALSE,FALSE,FALSE,FALSE
ID756,2018-02-24,FALSE,TRUE,FALSE,FALSE
ID757,2018-02-25,TRUE,FALSE,FALSE,FALSE
ID758,2018-02-28,FALSE,TRUE,FALSE,FALSE
ID759,2018-03-01,TRUE,FALSE,FALSE,FALSE
ID760,2018-03-01,TRUE,FALSE,FALSE,FALSE
ID761,2018-03-02,TRUE,FALSE,FALSE,TRUE
ID762,2018-03-08,TRUE,FALSE,FALSE,FALSE
ID763,2018-03-10,FALSE,FALSE,FALSE,FALSE
ID764,2018-03-14,FALSE,TRUE,FALSE,FALSE
ID765,2018-03-18,TRUE,FALSE,FALSE,FALSE
ID766,2018-03-18,TRUE,TRUE,FALSE,FALSE
ID767,2018-03-27,TRUE,TRUE,FALSE,FALSE
ID768,2018-03-28,FALSE,FALSE,FALSE,FALSE
ID769,2018-04-02,FALSE,FALSE,FALSE,TRUE
ID770,2018-04-03,TRUE,FALSE,FALSE,FALSE
ID771,2018-04-04,FALSE,TRUE,FALSE,FALSE
ID772,2018-04-05,FALSE,TRUE,TRUE,FALSE
ID773,2018-04-05,FALSE,FALSE,FALSE,FALSE
ID774,2018-04-11,FALSE,FALSE,FALSE,TRUE
ID775,2018-04-16,TRUE,FALSE,FALSE,FALSE
ID776,2018-04-19,FALSE,FALSE,FALSE,FALSE
ID777,2018-04-20,TRUE,FALSE,FALSE,FALSE
ID778,2018-04-21,TRUE,FALSE,FALSE,FALSE
ID779,2018-04-24,TRUE,FALSE,FALSE,FALSE
ID780,2018-04-25,TRUE,TRUE,FALSE,FALSE
ID781,2018-04-25,TRUE,FALSE,FALSE,FALSE
ID782,2018-04-28,TRUE,FALSE,FALSE,FALSE
ID783,2018-05-02,FALSE,FALSE,FALSE,FALSE
ID784,2018-05-04,FALSE,TRUE,FALSE,FALSE
ID785,2018-05-08,TRUE,FALSE,FALSE,FALSE
ID786,2018-05-08,FALSE,FALSE,FALSE,FALSE
ID787,2018-05-09,FALSE,FALSE,FALSE,FALSE
ID788,2018-05-12,TRUE,FALSE,FALSE,TRUE
ID789,2018-05-13,FALSE,FALSE,FALSE,FALSE
ID790,2018-05-15,FALSE,FALSE,FALSE,FALSE
ID791,2018-05-17,TRUE,FALSE,FALSE,FALSE
ID792,2018-05-24,FALSE,FALSE,FALSE,FALSE
ID793,2018-05-29,TRUE,TRUE,FALSE,FALSE
ID794,2018-05-29,FALSE,TRUE,FALSE,FALSE
ID795,2018-06-02,TRUE,FALSE,FALSE,FALSE
ID796,2018-06-12,FALSE,FALSE,FALSE,FALSE
ID797,2018-06-13,FALSE,FALSE,FALSE,FALSE
ID798,2018-06-22,FALSE,TRUE,FALSE,FALSE
ID799,2018-06-25,TRUE,FALSE,FALSE,FALSE
ID800,2018-06-26,FALSE,TRUE,FALSE,FALSE
ID801,2018-07-06,TRUE,FALSE,FALSE,FALSE
ID802,2018-07-06,TRUE,TRUE,FALSE,TRUE
ID803,2018-07-09,FALSE,FALSE,FALSE,FALSE
ID804,2018-07-15,TRUE,FALSE,FALSE,FALSE
ID805,2018-08-01,TRUE,TRUE,FALSE,FALSE
ID806,2018-08-06,FALSE,FALSE,FALSE,TRUE
ID807,2018-08-12,TRUE,FALSE,FALSE,FALSE
ID808,2018-08-18,FALSE,FALSE,FALSE,FALSE
ID809,2018-08-21,FALSE,FALSE,FALSE,FALSE
ID810,2018-08-22,TRUE,TRUE,FALSE,TRUE
ID811,2018-08-25,FALSE,FALSE,FALSE,TRUE
ID812,2018-08-26,TRUE,FALSE,FALSE,FALSE
ID813,2018-08-29,FALSE,FALSE,FALSE,FALSE
ID814,2018-08-30,TRUE,FALSE,FALSE,FALSE
ID815,2018-09-04,TRUE,FALSE,FALSE,FALSE
ID816,2018-09-06,TRUE,FALSE,FALSE,FALSE
ID817,2018-09-09,TRUE,FALSE,FALSE,FALSE
ID818,2018-09-10,FALSE,FALSE,FALSE,FALSE
ID819,2018-09-11,FALSE,FALSE,TRUE,FALSE
ID820,2018-09-13,TRUE,FALSE,TRUE,FALSE
ID821,2018-09-17,FALSE,TRUE,FALSE,TRUE
ID822,2018-09-19,TRUE,FALSE,FALSE,FALSE
ID823,2018-09-20,FALSE,TRUE,FALSE,FALSE
ID824,2018-09-23,FALSE,FALSE,FALSE,FALSE
ID825,2018-09-27,FALSE,FALSE,FALSE,TRUE
ID826,2018-09-28,TRUE,TRUE,FALSE,FALSE
ID827,2018-09-30,FALSE,FALSE,FALSE,FALSE
ID828,2018-10-01,FALSE,FALSE,FALSE,FALSE
ID829,2018-10-10,FALSE,FALSE,FALSE,FALSE
ID830,2018-10-12,FALSE,TRUE,FALSE,FALSE
ID831,2018-10-16,FALSE,TRUE,FALSE,FALSE
ID832,2018-10-18,FALSE,FALSE,FALSE,FALSE
ID833,2018-10-21,FALSE,TRUE,FALSE,FALSE
ID834,2018-10-23,FALSE,FALSE,FALSE,FALSE
ID835,2018-10-26,TRUE,FALSE,FALSE,TRUE
ID836,2018-11-03,TRUE,FALSE,FALSE,FALSE
ID837,2018-11-04,FALSE,FALSE,FALSE,FALSE
ID838,2018-11-08,TRUE,FALSE,FALSE,FALSE
ID839,2018-11-20,TRUE,FALSE,FALSE,FALSE
ID840,2018-11-20,FALSE,FALSE,FALSE,FALSE
ID841,2018-11-26,TRUE,TRUE,FALSE,FALSE
ID842,2018-11-27,TRUE,TRUE,FALSE,TRUE
ID843,2018-12-09,FALSE,FALSE,FALSE,TRUE
ID844,2018-12-14,TRUE,FALSE,FALSE,FALSE
ID845,2018-12-18,TRUE,TRUE,FALSE,FALSE
ID846,2018-12-22,FALSE,FALSE,FALSE,FALSE
ID847,2018-12-23,FALSE,FALSE,FALSE,FALSE
ID848,2018-12-24,FALSE,FALSE,TRUE,FALSE
ID849,2018-12-26,TRUE,TRUE,FALSE,FALSE
ID850,2018-12-28,FALSE,FALSE,FALSE,FALSE
ID851,2018-12-28,TRUE,TRUE,FALSE,FALSE
ID852,2018-12-30,TRUE,TRUE,TRUE,FALSE
ID853,2018-12-30,FALSE,FALSE,FALSE,TRUE
ID854,2018-12-31,FALSE,FALSE,FALSE,FALSE
ID855,2019-01-08,TRUE,TRUE,FALSE,FALSE
ID856,2019-01-11,FALSE,FALSE,FALSE,FALSE
ID857,2019-01-13,TRUE,TRUE,FALSE,FALSE
ID858,2019-01-23,TRUE,FALSE,FALSE,FALSE
ID859,2019-01-30,FALSE,TRUE,FALSE,TRUE
ID860,2019-02-02,TRUE,TRUE,FALSE,FALSE
ID861,2019-02-09,TRUE,FALSE,FALSE,FALSE
ID862,2019-02-19,TRUE,FALSE,FALSE,FALSE
ID863,2019-02-22,FALSE,TRUE,FALSE,FALSE
ID864,2019-03-02,FALSE,TRUE,FALSE,FALSE
ID865,2019-03-11,FALSE,FALSE,FALSE,TRUE
ID866,2019-03-13,TRUE,FALSE,FALSE,FALSE
ID867,2019-03-23,FALSE,TRUE,FALSE,FALSE
ID868,2019-03-27,FALSE,FALSE,FALSE,FALSE
ID869,2019-03-27,FALSE,FALSE,FALSE,FALSE
ID870,2019-04-16,FALSE,FALSE,FALSE,FALSE
ID871,2019-04-21,TRUE,TRUE,FALSE,FALSE
ID872,2019-05-02,TRUE,FALSE,TRUE,FALSE
ID873,2019-05-10,FALSE,FALSE,FALSE,FALSE
ID874,2019-05-19,TRUE,FALSE,FALSE,FALSE
ID875,2019-05-20,FALSE,FALSE,FALSE,FALSE
ID876,2019-05-23,TRUE,TRUE,FALSE,FALSE
ID877,2019-05-25,FALSE,FALSE,FALSE,TRUE
ID878,2019-05-27,FALSE,FALSE,FALSE,FALSE
ID879,2019-05-28,TRUE,FALSE,FALSE,TRUE
ID880,2019-06-03,TRUE,FALSE,FALSE,FALSE
ID881,2019-06-03,TRUE,FALSE,FALSE,FALSE
ID882,2019-06-04,TRUE,FALSE,FALSE,FALSE
ID883,2019-06-13,TRUE,TRUE,FALSE,FALSE
ID884,2019-06-26,TRUE,FALSE,FALSE,FALSE
ID885,2019-06-27,TRUE,FALSE,FALSE,TRUE
ID886,2019-07-09,FALSE,TRUE,FALSE,FALSE
ID887,2019-07-12,FALSE,FALSE,FALSE,FALSE
ID888,2019-07-14,FALSE,FALSE,FALSE,FALSE
ID889,2019-07-22,TRUE,FALSE,FALSE,FALSE
ID890,2019-07-22,TRUE,FALSE,FALSE,FALSE
ID891,2019-07-25,FALSE,TRUE,TRUE,FALSE
ID892,2019-07-27,FALSE,FALSE,FALSE,FALSE
ID893,2019-07-30,TRUE,TRUE,FALSE,FALSE
ID894,2019-08-02,FALSE,FALSE,FALSE,FALSE
ID895,2019-08-14,FALSE,FALSE,FALSE,FALSE
ID896,2019-08-19,TRUE,FALSE,FALSE,FALSE
ID897,2019-08-21,FALSE,FALSE,FALSE,FALSE
ID898,2019-08-31,FALSE,TRUE,FALSE,FALSE
ID899,2019-09-06,TRUE,FALSE,FALSE,FALSE
ID900,2019-09-15,TRUE,FALSE,FALSE,TRUE
ID901,2019-09-16,FALSE,FALSE,FALSE,FALSE
ID902,2019-09-16,FALSE,TRUE,FALSE,FALSE
ID903,2019-09-25,FALSE,TRUE,FALSE,FALSE
ID904,2019-09-30,FALSE,TRUE,FALSE,FALSE
ID905,2019-10-03,TRUE,FALSE,FALSE,FALSE
ID906,2019-10-05,TRUE,FALSE,FALSE,FALSE
ID907,2019-10-09,FALSE,TRUE,TRUE,FALSE
ID908,2019-10-16,FALSE,FALSE,TRUE,FALSE
ID909,2019-10-16,TRUE,FALSE,FALSE,FALSE
ID910,2019-10-18,FALSE,FALSE,FALSE,FALSE
ID911,2019-10-23,FALSE,TRUE,FALSE,FALSE
ID912,2019-10-27,FALSE,FALSE,FALSE,FALSE
ID913,2019-10-30,TRUE,FALSE,FALSE,FALSE
ID914,2019-10-31,TRUE,TRUE,FALSE,FALSE
ID915,2019-11-13,TRUE,FALSE,FALSE,FALSE
ID916,2019-11-18,TRUE,TRUE,FALSE,FALSE
ID917,2019-11-23,TRUE,FALSE,FALSE,FALSE
ID918,2019-11-23,TRUE,TRUE,TRUE,FALSE
ID919,2019-11-23,FALSE,TRUE,FALSE,FALSE
ID920,2019-11-25,FALSE,TRUE,TRUE,TRUE
ID921,2019-11-27,TRUE,FALSE,FALSE,FALSE
ID922,2019-11-28,TRUE,TRUE,FALSE,FALSE
ID923,2019-12-06,TRUE,TRUE,FALSE,FALSE
ID924,2019-12-10,FALSE,FALSE,FALSE,FALSE
ID925,2019-12-10,TRUE,FALSE,FALSE,FALSE
ID926,2019-12-10,TRUE,FALSE,FALSE,FALSE
ID927,2019-12-17,FALSE,TRUE,FALSE,FALSE
ID928,2019-12-20,FALSE,FALSE,FALSE,FALSE
ID929,2019-12-24,FALSE,TRUE,FALSE,FALSE
ID930,2019-12-25,FALSE,FALSE,FALSE,FALSE
ID931,2019-12-29,FALSE,FALSE,FALSE,FALSE
ID932,2020-01-04,TRUE,TRUE,FALSE,FALSE
ID933,2020-01-06,TRUE,FALSE,FALSE,TRUE
ID934,2020-01-07,TRUE,TRUE,FALSE,TRUE
ID935,2020-01-10,TRUE,FALSE,TRUE,FALSE
ID936,2020-01-14,FALSE,FALSE,FALSE,FALSE
ID937,2020-01-14,FALSE,FALSE,FALSE,FALSE
ID938,2020-01-16,FALSE,FALSE,FALSE,FALSE
ID939,2020-01-30,FALSE,FALSE,FALSE,FALSE
ID940,2020-02-02,TRUE,TRUE,FALSE,TRUE
ID941,2020-02-10,FALSE,FALSE,FALSE,FALSE
ID942,2020-02-15,TRUE,FALSE,FALSE,FALSE
ID943,2020-02-16,FALSE,FALSE,FALSE,FALSE
ID944,2020-02-17,FALSE,FALSE,FALSE,FALSE
ID945,2020-02-19,TRUE,FALSE,FALSE,FALSE
ID946,2020-03-02,FALSE,FALSE,FALSE,FALSE
ID947,2020-03-08,FALSE,FALSE,FALSE,FALSE
ID948,2020-03-08,TRUE,TRUE,FALSE,TRUE
ID949,2020-03-19,TRUE,FALSE,FALSE,FALSE
ID950,2020-03-19,FALSE,TRUE,FALSE,FALSE
ID951,2020-03-20,FALSE,FALSE,FALSE,FALSE
ID952,2020-03-22,FALSE,FALSE,FALSE,FALSE
ID953,2020-03-22,FALSE,FALSE,TRUE,FALSE
ID954,2020-03-24,TRUE,TRUE,FALSE,FALSE
ID955,2020-03-27,FALSE,TRUE,FALSE,TRUE
ID956,2020-03-28,TRUE,FALSE,FALSE,FALSE
ID957,2020-04-18,TRUE,FALSE,FALSE,FALSE
ID958,2020-04-21,TRUE,FALSE,FALSE,FALSE
ID959,2020-04-21,TRUE,TRUE,FALSE,FALSE
ID960,2020-04-24,TRUE,FALSE,FALSE,FALSE
ID961,2020-04-30,FALSE,FALSE,TRUE,FALSE
ID962,2020-05-07,TRUE,TRUE,FALSE,FALSE
ID963,2020-05-10,FALSE,FALSE,FALSE,FALSE
ID964,2020-05-24,TRUE,FALSE,FALSE,FALSE
ID965,2020-05-30,FALSE,FALSE,FALSE,FALSE
ID966,2020-05-31,TRUE,TRUE,FALSE,TRUE
ID967,2020-06-09,FALSE,FALSE,FALSE,FALSE
ID968,2020-06-15,FALSE,FALSE,FALSE,FALSE
ID969,2020-06-16,TRUE,FALSE,FALSE,FALSE
ID970,2020-06-21,FALSE,FALSE,FALSE,FALSE
ID971,2020-06-25,FALSE,FALSE,FALSE,FALSE
ID972,2020-06-30,FALSE,TRUE,FALSE,FALSE
ID973,2020-07-07,TRUE,FALSE,FALSE,FALSE
ID974,2020-07-26,TRUE,FALSE,FALSE,FALSE
ID975,2020-08-01,FALSE,FALSE,FALSE,FALSE
ID976,2020-08-04,FALSE,TRUE,FALSE,FALSE
ID977,2020-08-06,FALSE,FALSE,FALSE,FALSE
ID978,2020-08-29,FALSE,TRUE,FALSE,FALSE
ID979,2020-09-04,TRUE,FALSE,FALSE,FALSE
ID980,2020-09-10,FALSE,TRUE,FALSE,FALSE
ID981,2020-09-12,FALSE,FALSE,FALSE,FALSE
ID982,2020-09-15,FALSE,TRUE,TRUE,FALSE
ID983,2020-09-25,FALSE,FALSE,FALSE,FALSE
ID984,2020-09-28,TRUE,FALSE,FALSE,FALSE
ID985,2020-10-04,FALSE,FALSE,FALSE,TRUE
ID986,2020-10-10,FALSE,FALSE,FALSE,FALSE
ID987,2020-10-16,TRUE,FALSE,FALSE,FALSE
ID988,2020-10-18,FALSE,TRUE,FALSE,FALSE
ID989,2020-10-19,FALSE,FALSE,FALSE,FALSE
ID990,2020-10-22,TRUE,TRUE,FALSE,FALSE
ID991,2020-10-28,TRUE,FALSE,FALSE,FALSE
ID992,2020-11-01,FALSE,FALSE,TRUE,FALSE
ID993,2020-11-05,TRUE,TRUE,FALSE,FALSE
ID994,2020-11-05,TRUE,FALSE,FALSE,FALSE
ID995,2020-11-10,FALSE,TRUE,FALSE,TRUE
ID996,2020-11-14,FALSE,TRUE,FALSE,FALSE
ID997,2020-11-18,TRUE,FALSE,FALSE,FALSE
ID998,2020-11-19,FALSE,FALSE,FALSE,FALSE
ID999,2020-11-22,FALSE,FALSE,FALSE,FALSE
